{
  "personalList":{
      "ItemList":[
          { 
            "name":"certificate",
            "text":"我的礼券",
            "iconClass":"iconfont icon-quan",
            "color":"color:#FC7972"
          },
          {"name":"integral",
            "text":"积分抵现",
            "iconClass":"iconfont icon-jifen",
            "color":"color:#47C0ED"
          },
          {"name":"e-book",
            "text":"我的电子书",
            "iconClass":"iconfont icon-shujia",
            "color":"color:#9CB8FF"
          },
          {"name":"card",
            "text":"我的礼品卡",
            "iconClass":"iconfont icon-lipinka",
            "color":"color:#55DCB7"
          },
          {"name":"address",
            "text":"收货地址",
            "iconClass":"iconfont icon-shouhuodizhi1",
            "color":"color:#F2BE50"
          }
      ],
      "discounts":[
        { 
          "name":"first",
          "text":"美特斯威邦,2件2.5折,满300再减50",
          "iconClass":"iconfont icon-qiang"
        },
        { 
          "name":"two",
          "text":"学生文具5折封顶",
          "iconClass":"iconfont icon-qiang"
        },
        { 
          "name":"three",
          "text":"致2020未来的你，5折封顶抢购",
          "iconClass":"iconfont icon-qiang"
        }
      ]
  }
}






