{
  "swiperImages": [
    {
      "bookid": "1001",
      "background": "elec_book.jpg"
    },
    {
      "bookid": "1002",
      "background": "student_book.jpg"
    },
    {
      "bookid": "1003",
      "background": "child_book.jpg"
    }
  ],
  "recommend": [
    {
      "background": "new_book.png"
    },
    {
      "background": "special_offer.png"
    },
    {
      "background": "promotion.png"
    },
    {
      "background": "children_books.png"
    },
    {
      "background": "popular.png"
    },
    {
      "background": "assemble.png"
    },
    {
      "background": "supermarket.png"
    },
    {
      "background": "cloud_read.jpg"
    },
    {
      "background": "close.jpg"
    },
    {
      "background": "center.png"
    }
  ],
  "seckillTitle": "http://img62.ddimg.cn/upload_img/00707/mobile/mao_title.jpg",
  "todaySeckill": [
    {
      "url": "http://img3m2.ddimg.cn/38/26/1583020532-1_h_1.jpg",
      "name": "【顺丰包邮】2瓶装*400ml福恩缘75%酒精消毒液",
      "new": "32",
      "old": "78.00"
    },
    {
      "url": "http://img3m1.ddimg.cn/41/17/25582631-1_h_2.jpg",
      "name": "动物绝对不能穿鞋子",
      "new": "11",
      "old": "39.80"
    },
    {
      "url": "http://img3m8.ddimg.cn/18/4/1069101018-1_h_2.jpg",
      "name": "时尚休闲跑步运动服套装女卫衣两件套宽松阔腿裤套装",
      "new": "79",
      "old": "688"
    },
    {
      "url": "http://img3m3.ddimg.cn/74/10/1513345853-1_h_3.jpg",
      "name": "金号纯棉毛巾厚实家用洗脸大面巾",
      "new": "13.9",
      "old": "199.00"
    },
    {
      "url": "http://img3m7.ddimg.cn/12/12/1287855867-1_h_52.jpg",
      "name": "四季情景认知绘本 全4册 0-3-5-6-7周岁儿童书籍 幼儿全景式情境绘本幼儿园小班早教图画书 宝宝启蒙二十四节气税前故事认知小百科",
      "new": "9.9",
      "old": "63.20"
    },
    {
      "url": "http://img3m7.ddimg.cn/63/36/1438602327-1_h_2.jpg",
      "name": "【全面防晒防护！】中长款连帽薄款防晒衣",
      "new": "59",
      "old": "998.00"
    },
    {
      "url": "http://img3m9.ddimg.cn/84/33/1579302039-1_h_1.jpg",
      "name": "1元秒杀，限量抢购，抢完即止！",
      "new": "1",
      "old": "159.00"
    }
  ],
  "homeBook": {
    "title": "http://img61.ddimg.cn/upload_img/00705/yhj/tslc-bt.jpg",
    "contents": [
      "当当书城",
      "电子书",
      "网络文学"
    ],
    "highlyRecommended": "http://img63.ddimg.cn/upload_img/00796/1/1242x332-1582889527.jpg",
    "mainContents": [
      {
        "type": "文艺小情节",
        "info": "书中大情怀",
        "url": "http://img63.ddimg.cn/upload_img/00796/1/11.18-1575272441.png"
      },
      {
        "type": "电子书",
        "info": "每满30减15",
        "url": "http://img63.ddimg.cn/ddreader/dangebook/02240229_500x500.jpg"
      },
      {
        "type": "万种童书",
        "info": "阅读陪伴成长",
        "url": "http://img60.ddimg.cn/upload_img/00796/1/10.28-1575272475.png"
      },
      {
        "type": "阅享新生活",
        "info": "精彩无限",
        "url": "http://img62.ddimg.cn/upload_img/00796/1/9.12-1568701928.png"
      },
      {
        "type": "人文社科",
        "info": "知史知今",
        "url": "http://img61.ddimg.cn/upload_img/00796/1/10.22-1575272532.png"
      },
      {
        "type": "中小学教辅",
        "info": "向上吧少年",
        "url": "http://img62.ddimg.cn/upload_img/00796/1/10.15-1575272579.png"
      }
    ]
  },
  "closeBag": {
    "title": "http://img61.ddimg.cn/upload_img/00757/shuang11/biaoti-1540452487.jpg",
    "contents": [
      "服装品牌榜单",
      "服装上新",
      "服装馆"
    ],
    "highlyRecommended": "http://img62.ddimg.cn/upload_img/00757/LOGO/loucengbanner-1565921661.jpg",
    "mainContents": [
      {
        "type": "巴帝巴帝",
        "info": "3件2折",
        "url": "http://img62.ddimg.cn/upload_img/00601/111/500badi-1565008942.jpg"
      },
      {
        "type": "学生书包",
        "info": "1件2.5折",
        "url": "http://img61.ddimg.cn/upload_img/00601/111/500kalayang-1565010129.jpg"
      },
      {
        "type": "芬腾睡衣",
        "info": "限时1件3折",
        "url": "http://img55.ddimg.cn/186920088342395_y.jpg"
      },
      {
        "type": "暑假季",
        "info": "珠宝饰品直降",
        "url": "http://img53.ddimg.cn/155170066039963_y.jpg"
      },
      {
        "type": "达芙妮清仓",
        "info": "限时2件2折",
        "url": "http://img55.ddimg.cn/182870066617395_y.jpg"
      },
      {
        "type": "361度",
        "info": "折上2件4折",
        "url": "http://img51.ddimg.cn/198970066388831_y.jpg"
      }
    ]
  },
  "detail": [
    {
      "iid":"10",
      "coverImg": "http://img3m4.ddimg.cn/21/16/27932574-1_h_5.jpg",
      "coverContent": "慢煮生活（汪曾祺经典散文集，执笔75周年白金纪念版！畅销领衔之作，升级回馈）",
      "coverType": [
        "当当自营",
        "预售",
        "满减"
      ],
      "coverMoney": 38.40,
      "contents": {
        "listImg": [
          "http://img3m4.ddimg.cn/21/16/27932574-1_h_5.jpg",
          "http://img3m4.ddimg.cn/21/16/27932574-2_e_6.jpg",
          "http://img3m4.ddimg.cn/21/16/27932574-3_e_6.jpg",
          "http://img3m4.ddimg.cn/21/16/27932574-4_e_3.jpg",
          "http://img3m4.ddimg.cn/21/16/27932574-5_e_3.jpg"
        ],
        "oldPrice": 42.00,
        "advert": "汪曾祺诞辰100周年特别纪念版，教育部统编《语文》要求阅读，入选课本及中高考试卷，麦家、贾平凹、莫言盛赞。新增《贴秋膘》等名篇，赠送先生亲绘水墨画。先生一生ZUI得意之作，给无论何时都认真生活的你",
        "about":"http://img58.ddimg.cn/99999990117519118.jpg"

      }
    },
    {
      "iid":"11",
      "coverImg": "http://img3m6.ddimg.cn/31/9/27916546-1_h_3.jpg",
      "coverContent": "一切皆有可能（普利策奖得主、《奥丽芙·基特里奇》作者新作）",
      "coverType": [
        "当当自营",
        "满减"
      ],
      "coverMoney": 68.00,
      "contents": {
        "listImg": [
          "http://img3m6.ddimg.cn/31/9/27916546-1_e_3.jpg",
          "http://img3m6.ddimg.cn/31/9/27916546-2_e_3.jpg",
          "http://img3m6.ddimg.cn/31/9/27916546-3_e_3.jpg",
          "http://img3m6.ddimg.cn/31/9/27916546-4_e_3.jpg"
        ],
        "oldPrice": 68.00,
        "advert": "我们拼尽所能，仍爱得不完美，但这没关系。《纽约时报》畅销榜No.1，Goodreads读者票选ZUI佳小说，改编话剧在伦敦及百老汇上演，《纽约时报》、《华盛顿邮报》等多家媒体 “年度图书”",
        "about":"http://img57.ddimg.cn/99999990053016627.jpg"

      }
    }

  ]
}