{
  "request_id": "201912271542117378_000290458723438228",
  "aa": [
      {
          "name": "减肥，我要饱饱地瘦下去",
          "price": "￥40.60",
          "yuanjia":"￥46.00",
          "chuabnshe":"中国人民出版社",
          "product_id": 28470249,
          "author_name": "仰望尾迹云 著",
          "subtitle": "继畅销书《我的zui后一本减肥书》之后的又一部减肥饮食指导书，彻底粉碎大众对于减肥=限食、禁食的错误认知！这本书告诉你，不是所有的面条、肉类、零食都是减肥的“天敌”！也不是所有的果蔬都是减肥“重器”！",
          "shop_id": 0,
          "review_count": 410,
          "ebook_price": "",
          "is_mb_exclusive": 0,
          "promo_flag": "",
          "image_version": "3",
          "category_path": "01.18.02.00.00.00",
          "second_category_path": "01.18.00.00.00.00",
          "category_id": 7211,
          "category_flag": "",
          "category_name": "饮食健康",
          "reason": "猜您喜欢",
          "beloved_tag": 0,
          "second_category_name": "保健/养生",
          "jump_url": "javascript:if(typeof openQuitAppClick === 'function'){openQuitAppClick();}window.location.href='http://product.m.dangdang.com/28470249.html?t=1577432531';console",
          "shop_logo": "",
          "shop_name": "",
          "color_value": "",
          "image_url": "http://img3m9.ddimg.cn/27/7/28470249-1_h_3.jpg",
          "ziying":"当当自营"
      },
      {
          "name": "机器学习线性代数基础：Python语言描述",
          "price": "￥38.70",
          "yuanjia":"￥47.00",
          "product_id": 27921482,
          "chuabnshe":"中国人民出版社",
          "author_name": "张雨萌",
          "subtitle": "线性代数是机器学习的基石，本书从5个维度+60段代码+53幅图表+2个项目，帮助你理解线性代数与机器学习紧密结合的核心内容，并以Python语言为工具进行数学思想和解决方案的有效实践。",
          "shop_id": 0,
          "review_count": 623,
          "ebook_price": "",
          "is_mb_exclusive": 0,
          "promo_flag": "",
          "image_version": "1",
          "category_path": "01.54.92.02.00.00",
          "second_category_path": "01.54.00.00.00.00",
          "category_id": 52103,
          "category_flag": "",
          "category_name": "机器学习",
          "reason": "猜您喜欢",
          "beloved_tag": 0,
          "second_category_name": "计算机/网络",
          "jump_url": "javascript:if(typeof openQuitAppClick === 'function'){openQuitAppClick();}window.location.href='http://product.m.dangdang.com/27921482.html?t=1577432531';console",
          "shop_logo": "",
          "shop_name": "",
          "color_value": "",
          "image_url": "http://img3m2.ddimg.cn/17/24/27921482-1_h_1.jpg",
          "ziying":"当当自营"
      },
      {
          "name": "人间失格（日本小说家太宰治的自传体小说，李现推荐）",
          "price": "￥11.30",
          "yuanjia":"￥18.00",
          "product_id": 23761145,
          "author_name": "（日）太宰治　著，杨伟　译",
          "chuabnshe":"中国人民出版社",
          "subtitle": "超燃！“丧文化”流行，《人间失格》成了现象级畅销书，创当当3天销售50000+册的奇迹！收录作者绝笔之作《Good bye》。一个“丧失为人资格”少年的心灵独白，一个对村上春树影响至深的绝望凄美故事。",
          "shop_id": 0,
          "review_count": 1589106,
          "ebook_price": "",
          "is_mb_exclusive": 0,
          "promo_flag": "限时抢",
          "image_version": "6",
          "category_path": "01.03.45.00.00.00",
          "second_category_path": "01.03.00.00.00.00",
          "category_id": 16846,
          "category_flag": "",
          "category_name": "社会",
          "reason": "猜您喜欢",
          "beloved_tag": 0,
          "second_category_name": "小说",
          "jump_url": "javascript:if(typeof openQuitAppClick === 'function'){openQuitAppClick();}window.location.href='http://product.m.dangdang.com/23761145.html?t=1577432531';console",
          "shop_logo": "",
          "shop_name": "",
          "color_value": "",
          "image_url": "http://img3m5.ddimg.cn/56/4/23761145-1_h_6.jpg",
          "ziying":"当当自营"
      },
      {
          "name": "￥小熊和最好的爸爸（全7册）",
          "price": "17.50",
          "yuanjia":"￥23.00",
          "product_id": 20039611,
          "author_name": "（荷）阿兰德·丹姆  著，（荷）亚历克斯·沃尔夫  绘，漆仰平，爱桐  译",
          "subtitle": "和爸爸一起读的绘本，极易操作学习增强父子情感的图画书。孩子学习做男子汉：粗犷、睿智、谦逊、幽默，细致；爸爸学习父爱的技巧：了解孩子的梦想，为孩子的勇气而骄傲，成为孩子眼中的英雄。（蒲公英童书馆出品）",
          "shop_id": 0,
          "review_count": 975292,
          "chuabnshe":"中国人民出版社",
          "ebook_price": "",
          "is_mb_exclusive": 0,
          "promo_flag": "限时抢",
          "image_version": "9",
          "category_path": "01.41.70.02.03.00",
          "second_category_path": "01.41.00.00.00.00",
          "category_id": 52123,
          "category_flag": "",
          "category_name": " ",
          "reason": "猜您喜欢",
          "beloved_tag": 0,
          "second_category_name": "童书",
          "jump_url": "javascript:if(typeof openQuitAppClick === 'function'){openQuitAppClick();}window.location.href='http://product.m.dangdang.com/20039611.html?t=1577432531';console",
          "shop_logo": "",
          "shop_name": "",
          "color_value": "",
          "image_url": "http://img3m1.ddimg.cn/31/4/20039611-1_h_9.jpg",
          "productTags": [
              {
                  "name": "当当自营",
                  "type": 0,
                  "label_type": "1001"
              },
              {
                  "name": "券",
                  "type": 1,
                  "label_type": "1007"
              },
              {
                  "name": "限时抢",
                  "type": 1,
                  "label_type": "3102"
              }
          ]
      },
      {
          "name": "活着（2017年新版）",
          "price": "￥14.00",
          "yuanjia":"￥24.00",
          "product_id": 25137790,
          "author_name": "余华",
          "subtitle": "余华是我国当代著名作家，也是享誉世界的小说家，曾荣获众多国内外奖项。《活着》是其代表作，在全球广泛传播，销量逾千万册，获得了普遍好评，已成为中国乃至世界当代文学的经典。",
          "shop_id": 0,
          "review_count": 2516370,
          "chuabnshe":"中国人民出版社",
          "ebook_price": "",
          "is_mb_exclusive": 0,
          "promo_flag": "限时抢",
          "image_version": "4",
          "category_path": "01.03.45.00.00.00",
          "second_category_path": "01.03.00.00.00.00",
          "category_id": 16846,
          "category_flag": "",
          "category_name": "社会",
          "reason": "猜您喜欢",
          "beloved_tag": 1,
          "second_category_name": "小说",
          "jump_url": "http://touch.m.dangdang.com/recommend_category.php?cat_path=01.03.00.00.00.00",
          "shop_logo": "",
          "shop_name": "",
          "color_value": "#B0D1F9",
          "image_url": "http://img3m0.ddimg.cn/7/27/25137790-1_h_4.jpg",
          "ziying":"当当自营"
      },
      {
          "name": "神奇校车·图画书版（全12册，新增科学博览会1册）",
          "price": "￥99.00",
          "yuanjia":"￥114.00",
          "product_id": 25252408,
          "chuabnshe":"中国人民出版社",
          "author_name": "(美)乔安娜柯尔 著 ,(美)布鲁斯·迪根 图",
          "subtitle": "风靡全世界的“神奇校车”再次出发！搭乘神奇校车，跟着卷毛老师来一次时空穿越之旅，去认识那些闪耀在历史星河中的伟大科学家！（蒲公英童书馆出品）",
          "shop_id": 0,
          "review_count": 1225424,
          "ebook_price": "",
          "is_mb_exclusive": 0,
          "promo_flag": "限时抢",
          "image_version": "19",
          "category_path": "01.41.05.03.00.00",
          "second_category_path": "01.41.00.00.00.00",
          "category_id": 13388,
          "category_flag": "",
          "category_name": "科普",
          "reason": "猜您喜欢",
          "beloved_tag": 1,
          "second_category_name": "童书",
          "jump_url": "http://touch.m.dangdang.com/recommend_category.php?cat_path=01.41.00.00.00.00",
          "shop_logo": "",
          "shop_name": "",
          "color_value": "#B0D1F9",
          "image_url": "http://img3m8.ddimg.cn/82/19/25252408-1_h_19.jpg",
          "ziying":"当当自营"
      },
      {
          "name": "以吻封缄：莎士比亚抒情诗精选（收录莎翁情诗《十四行诗》百余首，硬壳精装，切口滚金边，向莎翁以及燃烧的爱情致敬！）",
          "price": "￥34.00",
          "yuanjia":"￥40.00",
          "product_id": 28476972,
          "chuabnshe":"中国人民出版社",
          "author_name": "（英）莎士比亚",
          "subtitle": "翻译名家朱生豪译本，搭配莫奈、雷诺阿多幅精美画作。精选传颂400年的莎翁抒情诗百余篇，徐志摩、梁实秋、抖森、胡歌、艾伦·里克曼争相诵读的传世之作。“她将是我永远的女主角！”",
          "shop_id": 0,
          "review_count": 1896,
          "ebook_price": "",
          "is_mb_exclusive": 0,
          "promo_flag": "限时抢",
          "image_version": "3",
          "category_path": "01.05.14.00.00.00",
          "second_category_path": "01.05.00.00.00.00",
          "category_id": 3807,
          "category_flag": "",
          "category_name": "外国诗歌",
          "reason": "",
          "beloved_tag": 0,
          "second_category_name": "文学",
          "jump_url": "javascript:if(typeof openQuitAppClick === 'function'){openQuitAppClick();}window.location.href='http://product.m.dangdang.com/28476972.html?t=1577432531';console",
          "shop_logo": "",
          "shop_name": "",
          "color_value": "",
          "image_url": "http://img3m2.ddimg.cn/18/33/28476972-1_h_3.jpg",
          "ziying":"当当自营"
      },
      {
          "name": "永久记录（“棱镜门主角”斯诺登揭露美国监控全世界的真相）",
          "price": "￥32.30",
          "yuanjia":"￥39.00",
          "product_id": 28475555,
          "author_name": "爱德华·斯诺登 著,博集天卷 出品",
          "subtitle": "美国政府不想让全世界读到这本书，欧美上市当日作者便被美国司法部起诉！“棱镜门”主角爱德华·斯诺登首次亲自披露美国政府滥用NSA系统监控世界的真相，袒露从“爱国者”到“叛国者”的心路历程。",
          "shop_id": 0,
          "review_count": 9657,
          "ebook_price": "",
          "is_mb_exclusive": 0,
          "promo_flag": "限时抢",
          "image_version": "4",
          "category_path": "01.38.25.00.00.00",
          "second_category_path": "01.38.00.00.00.00",
          "category_id": 20121,
          "category_flag": "",
          "category_name": "自传",
          "reason": "",
          "beloved_tag": 0,
          "second_category_name": "传记",
          "chuabnshe":"中国人民出版社",
          "jump_url": "javascript:if(typeof openQuitAppClick === 'function'){openQuitAppClick();}window.location.href='http://product.m.dangdang.com/28475555.html?t=1577432531';console",
          "shop_logo": "",
          "shop_name": "",
          "color_value": "",
          "image_url": "http://img3m5.ddimg.cn/86/22/28475555-1_h_4.jpg",
          "ziying":"当当自营"
      },
      {
          "name": "奇妙洞洞书系列：一年12个月+谁和谁一样重（2册）",
          "price": "￥44.30",
          "yuanjia":"￥54.00",
          "product_id": 28476042,
          "chuabnshe":"中国人民出版社",
          "author_name": "[意] G.曼泰加扎 等文,[意] G.奥雷基亚 等图，方素珍 译",
          "subtitle": "0-3岁 全球销量超千万的经典洞洞书；抠洞洞、讲故事、能力培养，开启宝贝智慧探索之旅。意大利国宝级童书，畅销40年经久不衰，“花婆婆”方素珍倾情译写。巧思故事+创意洞洞，锻炼宝宝思维发展。乐乐趣出品",
          "shop_id": 0,
          "review_count": 104,
          "ebook_price": "",
          "is_mb_exclusive": 0,
          "promo_flag": "",
          "image_version": "3",
          "category_path": "01.41.44.13.00.00",
          "second_category_path": "01.41.00.00.00.00",
          "category_id": 50383,
          "category_flag": "",
          "category_name": "纸板书",
          "reason": "",
          "beloved_tag": 0,
          "second_category_name": "童书",
          "jump_url": "javascript:if(typeof openQuitAppClick === 'function'){openQuitAppClick();}window.location.href='http://product.m.dangdang.com/28476042.html?t=1577432531';console",
          "shop_logo": "",
          "shop_name": "",
          "color_value": "",
          "image_url": "http://img3m2.ddimg.cn/78/28/28476042-1_h_3.jpg",
          "ziying":"当当自营"
      },
      {
          "name": "我的牧羊日记（《空谷幽兰》作者比尔·波特鼎力推荐！梭罗的《瓦尔登湖》式的智慧、哲思；吉米·哈利的《万物有灵且美》式的温暖、治愈。）",
          "price": "￥24.90",
          "yuanjia":"￥29.00",
          "product_id": 28475794,
          "author_name": "艾克瑟·林登，白马时光出品",
          "subtitle": "（如果你想在现代浮躁、喧嚣的城市之外找到内心的和平，一定要读一读《我的牧羊日记》！不是我在孤独地牧羊，而是羊儿们在治愈我的孤独。精装双封设计！随书附赠20只小羊贴纸，白马时光）",
          "shop_id": 0,
          "review_count": 7074,
          "ebook_price": "",
          "is_mb_exclusive": 0,
          "chuabnshe":"中国人民出版社",
          "promo_flag": "限时抢",
          "image_version": "21",
          "category_path": "01.05.17.00.00.00",
          "second_category_path": "01.05.00.00.00.00",
          "category_id": 3810,
          "category_flag": "",
          "category_name": "外国随笔",
          "reason": "",
          "beloved_tag": 0,
          "second_category_name": "文学",
          "jump_url": "javascript:if(typeof openQuitAppClick === 'function'){openQuitAppClick();}window.location.href='http://product.m.dangdang.com/28475794.html?t=1577432531';console",
          "shop_logo": "",
          "shop_name": "",
          "color_value": "",
          "image_url": "http://img3m4.ddimg.cn/28/2/28475794-1_h_21.jpg",
          "ziying":"当当自营"
      },
      {
          "name": "丁香医生健康日历2020",
          "price": "￥38.20",
          "yuanjia":"￥44.00",
          "product_id": 27907090,
          "author_name": "丁香医生 著",
          "chuabnshe":"中国人民出版社",
          "subtitle": "丁香医生健康日历2020 团购电话:4001066666转6",
          "shop_id": 0,
          "review_count": 71886,
          "ebook_price": "",
          "is_mb_exclusive": 0,
          "promo_flag": "限时抢",
          "image_version": "6",
          "category_path": "01.18.10.00.00.00",
          "second_category_path": "01.18.00.00.00.00",
          "category_id": 7226,
          "category_flag": "",
          "category_name": "健康百科",
          "reason": "猜您喜欢",
          "beloved_tag": 0,
          "second_category_name": "保健/养生",
          "jump_url": "javascript:if(typeof openQuitAppClick === 'function'){openQuitAppClick();}window.location.href='http://product.m.dangdang.com/27907090.html?t=1577432531';console",
          "shop_logo": "",
          "shop_name": "",
          "color_value": "",
          "image_url": "http://img3m0.ddimg.cn/79/25/27907090-1_h_6.jpg",
          "ziying":"当当自营"
 
      },
      {
          "name": "正面管教(修订版)",
          "price": "￥19.00",
          "yuanjia":"￥24.00",
          "product_id": 23990140,
          "author_name": "[美] 简·尼尔森",
          "subtitle": "如何不惩罚、不娇纵地有效管教孩子。畅销美国400多万册，被翻译成16种语言畅销全球；让数百万孩子、父母和老师受益终身的经典之作；自1981年本书*版出版以来，《正面管教》已经成为管教孩子的“黄金准则",
          "shop_id": 0,
          "review_count": 1087048,
          "ebook_price": "",
          "is_mb_exclusive": 0,
          "promo_flag": "限时抢",
          "image_version": "10",
          "category_path": "01.15.03.00.00.00",
          "second_category_path": "01.15.00.00.00.00",
          "category_id": 50392,
          "category_flag": "",
          "category_name": "家教方法",
          "reason": "猜您喜欢",
          "beloved_tag": 0,
          "second_category_name": "亲子/家教",
          "jump_url": "javascript:if(typeof openQuitAppClick === 'function'){openQuitAppClick();}window.location.href='http://product.m.dangdang.com/23990140.html?t=1577432531';console",
          "shop_logo": "",
          "shop_name": "",
          "color_value": "",
          "chuabnshe":"中国人民出版社",
          "image_url": "http://img3m0.ddimg.cn/64/6/23990140-1_h_10.jpg",
          "ziying":"当当自营"
      },
      {
          "name": "三体：全三册 刘慈欣代表作，亚洲首部“雨果奖”获奖作品！",
          "price": "￥46.50",
          "yuanjia":"￥54.00",
          "product_id": 23579654,
          "author_name": "刘慈欣",
          "chuabnshe":"中国人民出版社",
          "subtitle": "",
          "shop_id": 0,
          "review_count": 970504,
          "ebook_price": "",
          "is_mb_exclusive": 0,
          "promo_flag": "限时抢",
          "image_version": "3",
          "category_path": "01.03.41.00.00.00",
          "second_category_path": "01.03.00.00.00.00",
          "category_id": 16837,
          "category_flag": "",
          "category_name": "科幻",
          "reason": "猜您喜欢",
          "beloved_tag": 0,
          "second_category_name": "小说",
          "jump_url": "javascript:if(typeof openQuitAppClick === 'function'){openQuitAppClick();}window.location.href='http://product.m.dangdang.com/23579654.html?t=1577432531';console",
          "shop_logo": "",
          "shop_name": "",
          "color_value": "",
          "image_url": "http://img3m4.ddimg.cn/32/35/23579654-1_h_3.jpg",
          "ziying":"当当自营"
      },
      {
          "name": "公文写作从入门到精通(签名版）",
          "price": "￥37.72",
          "yuanjia":"￥40.00",
          "product_id": 28471097,
          "author_name": "谢海德",
          "chuabnshe":"中国人民出版社",
          "subtitle": "100万人受益，汇集20年公文写作经验，通过4大公文写作黄金法则——格式、要领、规范与技巧、66种公文写作要领拆解、113个公文实例演练，手把手教你写出领导认可、群众满意的公文。",
          "shop_id": 0,
          "review_count": 700,
          "ebook_price": "",
          "is_mb_exclusive": 0,
          "promo_flag": "限时抢",
          "image_version": "1",
          "category_path": "01.30.05.02.00.00",
          "second_category_path": "01.30.00.00.00.00",
          "category_id": 51274,
          "category_flag": "",
          "category_name": "公文写作",
          "reason": "猜您喜欢",
          "beloved_tag": 0,
          "second_category_name": "社会科学",
          "jump_url": "javascript:if(typeof openQuitAppClick === 'function'){openQuitAppClick();}window.location.href='http://product.m.dangdang.com/28471097.html?t=1577432531';console",
          "shop_logo": "",
          "shop_name": "",
          "color_value": "",
          "image_url": "http://img3m7.ddimg.cn/83/4/28471097-1_h_1.jpg",
          "ziying":"当当自营"
      },
      {
          "name": "机器学习中的数学",
          "price": "￥55.60",
          "yuanjia":"￥64.00",
          "product_id": 28477195,
          "author_name": "孙博 编著",
          "chuabnshe":"中国人民出版社",
          "subtitle": "一本有趣、好学的机器学习数学基础知识书籍。300+插图，100+示例，50+公式推导，讲故事与实例相结合，学习不枯燥，赠送全书源代码。",
          "shop_id": 0,
          "review_count": 222,
          "ebook_price": "",
          "is_mb_exclusive": 0,
          "promo_flag": "限时抢",
          "image_version": "3",
          "category_path": "01.54.92.02.00.00",
          "second_category_path": "01.54.00.00.00.00",
          "category_id": 52103,
          "category_flag": "",
          "category_name": "机器学习",
          "reason": "猜您喜欢",
          "beloved_tag": 0,
          "second_category_name": "计算机/网络",
          "jump_url": "javascript:if(typeof openQuitAppClick === 'function'){openQuitAppClick();}window.location.href='http://product.m.dangdang.com/28477195.html?t=1577432531';console",
          "shop_logo": "",
          "shop_name": "",
          "color_value": "",
          "image_url": "http://img3m5.ddimg.cn/43/34/28477195-1_h_3.jpg",
          "ziying":"当当自营"
      },
      {
          "name": "金瓶梅(上下)金瓶梅 无删减 金瓶梅原版 金瓶梅兰陵笑笑生 金瓶梅小说 金瓶梅词话 金瓶梅叙事刘心武评点金瓶梅中的人“性”描写触及广阔的生活领域，以一种*的方式表现人之自然本性对‘天理’禁锢的冲击",
          "price": "￥181.80",
          "yuanjia":"￥189.00",
          "product_id": 1327576581,
          "author_name": "兰陵笑笑生",
          "chuabnshe":"中国人民出版社",
          "subtitle": "加以精细校勘。整理标点，对难懂词语加以注释。可以帮助读者读懂读通，了解主要版本的贤同",
          "shop_id": 18416,
          "review_count": 204,
          "ebook_price": "",
          "is_mb_exclusive": 0,
          "promo_flag": "",
          "image_version": "2",
          "category_path": "01.03.32.00.00.00",
          "second_category_path": "01.03.00.00.00.00",
          "category_id": 16818,
          "category_flag": "",
          "category_name": "中国古典小说",
          "reason": "猜您喜欢",
          "beloved_tag": 0,
          "second_category_name": "小说",
          "jump_url": "javascript:if(typeof openQuitAppClick === 'function'){openQuitAppClick();}window.location.href='http://product.m.dangdang.com/1327576581.html?t=1577432531';console",
          "shop_logo": "",
          "shop_name": "",
          "color_value": "",
          "image_url": "http://img3m1.ddimg.cn/45/5/1327576581-1_h_2.jpg",
          "productTags": []
      },
      {
          "name": "副业赚钱之道 从0到1打造多元化收入",
          "chuabnshe":"中国人民出版社",
          "price": "￥37.30",
          "yuanjia":"￥45.00",
          "product_id": 28493274,
          "author_name": "安晓辉,程涛",
          "subtitle": "赚钱书籍 教你摆脱朝九晚五的生活 给收支不平衡的职场人兼职挣钱的赚钱教程 让你开拓副业之路 重构收入结构 增强财务自信 开始更加精彩的生活 限量签名版",
          "shop_id": 0,
          "review_count": 120,
          "ebook_price": "",
          "is_mb_exclusive": 0,
          "promo_flag": "",
          "image_version": "6",
          "category_path": "01.24.16.00.00.00",
          "second_category_path": "01.24.00.00.00.00",
          "category_id": 16112,
          "category_flag": "",
          "category_name": "理财技巧",
          "reason": "",
          "beloved_tag": 0,
          "second_category_name": "投资理财",
          "jump_url": "javascript:if(typeof openQuitAppClick === 'function'){openQuitAppClick();}window.location.href='http://product.m.dangdang.com/28493274.html?t=1577432531';console",
          "shop_logo": "",
          "shop_name": "",
          "color_value": "",
          "image_url": "http://img3m4.ddimg.cn/84/18/28493274-1_h_6.jpg",
          "ziying":"当当自营"
      },
      {
          "name": "花婆婆——清华附小推荐的经典绘本！美国国家图书奖作品！",
          "price": "￥31.40",
          "yuanjia":"￥39.00",
          "product_id": 28479620,
          "author_name": "文/图：〔美〕芭芭拉库尼",
          "chuabnshe":"中国人民出版社",
          "subtitle": "★邓超微博推荐的绘本上线啦：《我不敢说，我怕被骂》《我喜欢自己》《是谁嗯嗯在我的头上》《爱打嗝的斑马》 邓超微博强烈推荐  新的一年带给孩子更多勇气和自信的绘本！",
          "shop_id": 0,
          "review_count": 284447,
          "ebook_price": "",
          "is_mb_exclusive": 0,
          "promo_flag": "",
          "image_version": "3",
          "category_path": "01.41.70.01.03.00",
          "second_category_path": "01.41.00.00.00.00",
          "category_id": 52119,
          "category_flag": "",
          "category_name": " ",
          "reason": "",
          "beloved_tag": 0,
          "second_category_name": "童书",
          "jump_url": "javascript:if(typeof openQuitAppClick === 'function'){openQuitAppClick();}window.location.href='http://product.m.dangdang.com/28479620.html?t=1577432531';console",
          "shop_logo": "",
          "shop_name": "",
          "color_value": "",
          "image_url": "http://img3m0.ddimg.cn/92/17/28479620-1_h_3.jpg",
          "ziying":"当当自营"
      },
      {
          "name": "游牧民的世界史（精装修订，《忽必烈的挑战》《疾驰的草原征服者：辽西夏金元》作者杉山正明重磅之作）",
          "price": "￥34.90",
          "yuanjia":"￥43.00",
          "product_id": 28481307,
          "author_name": "杉山正明",
          "chuabnshe":"中国人民出版社",
          "subtitle": "权威作者：日本研究草原民族与蒙古历史的首席专家；一种创见：游牧民是挑起“国家”的中坚力量，支撑了欧亚大陆历史发展；梁文道、腾讯文化、新周刊、新京报推荐",
          "shop_id": 0,
          "review_count": 91,
          "ebook_price": "",
          "is_mb_exclusive": 0,
          "promo_flag": "限时抢",
          "image_version": "3",
          "category_path": "01.36.09.00.00.00",
          "second_category_path": "01.36.00.00.00.00",
          "category_id": 17541,
          "category_flag": "",
          "category_name": "民族史",
          "reason": "",
          "beloved_tag": 0,
          "second_category_name": "历史",
          "jump_url": "javascript:if(typeof openQuitAppClick === 'function'){openQuitAppClick();}window.location.href='http://product.m.dangdang.com/28481307.html?t=1577432531';console",
          "shop_logo": "",
          "shop_name": "",
          "color_value": "",
          "image_url": "http://img3m7.ddimg.cn/96/2/28481307-1_h_3.jpg",
          "ziying":"当当自营"
      },
      {
          "name": "别害怕一个人生活(当当独家签名本，随机彩蛋限量掉落哦~)",
          "price": "￥33.10",
          "yuanjia":"￥34.00",
          "product_id": 28484306,
          "author_name": "丁一晨",
          "chuabnshe":"中国人民出版社",
          "subtitle": "超级畅销书《好想回到小时候》作者丁一晨2019全新绘本，微博800万粉丝翘首以待。沉淀四年，超人气漫画形象“丁小点”暖心回归。/2014",
          "shop_id": 0,
          "review_count": 20,
          "ebook_price": "",
          "is_mb_exclusive": 0,
          "promo_flag": "",
          "image_version": "5",
          "category_path": "01.09.01.30.00.00",
          "second_category_path": "01.09.00.00.00.00",
          "category_id": 11802,
          "category_flag": "",
          "category_name": "其他大陆漫画",
          "reason": "",
          "beloved_tag": 0,
          "second_category_name": "动漫/幽默",
          "jump_url": "javascript:if(typeof openQuitAppClick === 'function'){openQuitAppClick();}window.location.href='http://product.m.dangdang.com/28484306.html?t=1577432531';console",
          "shop_logo": "",
          "shop_name": "",
          "color_value": "",
          "image_url": "http://img3m6.ddimg.cn/26/4/28484306-1_h_5.jpg",
          "ziying":"当当自营"
      },
      {
          "name": "写给儿童的中国历史（全14册）",
          "price": "￥177.50",
          "yuanjia":"￥184.00",
          "product_id": 23427436,
          "author_name": "陈卫平著 步印童书 出品",
          "subtitle": "第十届文津奖获奖图书，畅销台湾三十载，贯通上下五千年。学会了解自己，评价世界。台湾小鲁镇社之宝（步印童书馆出品）",
          "shop_id": 0,
          "review_count": 687301,
          "ebook_price": "",
          "is_mb_exclusive": 0,
          "promo_flag": "限时抢",
          "image_version": "4",
          "category_path": "01.41.26.03.00.00",
          "second_category_path": "01.41.00.00.00.00",
          "category_id": 50007,
          "category_flag": "",
          "category_name": "成长/校园小说",
          "reason": "猜您喜欢",
          "beloved_tag": 0,
          "second_category_name": "童书",
          "jump_url": "javascript:if(typeof openQuitAppClick === 'function'){openQuitAppClick();}window.location.href='http://product.m.dangdang.com/23427436.html?t=1577432531';console",
          "shop_logo": "",
          "shop_name": "",
          "chuabnshe":"中国人民出版社",
          "color_value": "",
          "image_url": "http://img3m6.ddimg.cn/76/35/23427436-1_h_4.jpg",
          "ziying":"当当自营"
      },
      {
          "name": "神奇校车·桥梁书版（全20册）",
          "price": "￥75.00",
          "yuanjia":"￥84.00",
          "product_id": 23444350,
          "author_name": "乔安娜柯尔　著 布鲁斯迪根 图　施芳　译",
          "subtitle": "（新老版本交替发货）美国Scholastic学子出版社金牌畅销系列，继续打造神奇校车的科学冒险之旅！全新内容，全新体验，小神校迷不可错过的独立阅读读本！（蒲公英童书馆出品）",
          "shop_id": 0,
          "review_count": 833619,
          "ebook_price": "",
          "is_mb_exclusive": 0,
          "promo_flag": "限时抢",
          "image_version": "4",
          "chuabnshe":"中国人民出版社",
          "category_path": "01.41.05.03.00.00",
          "second_category_path": "01.41.00.00.00.00",
          "category_id": 13388,
          "category_flag": "",
          "category_name": "科普",
          "reason": "猜您喜欢",
          "beloved_tag": 0,
          "second_category_name": "童书",
          "jump_url": "javascript:if(typeof openQuitAppClick === 'function'){openQuitAppClick();}window.location.href='http://product.m.dangdang.com/23444350.html?t=1577432531';console",
          "shop_logo": "",
          "shop_name": "",
          "color_value": "",
          "image_url": "http://img3m0.ddimg.cn/61/3/23444350-1_h_4.jpg",
          "ziying":"当当自营"
      },
      {
          "name": "东野圭吾：白夜行（易烊千玺、孟非推荐，东野圭吾作品无冕之王）",
          "price": "￥59.60",
          "yuanjia":"￥70.00",
          "product_id": 25119332,
          "author_name": "[日]东野圭吾 著，新经典 出品",
          "subtitle": "我一直走在白夜里，从来就没有太阳，所以不怕失去。中文版发行量超600万册。",
          "shop_id": 0,
          "review_count": 1452497,
          "chuabnshe":"中国人民出版社",
          "ebook_price": "",
          "is_mb_exclusive": 0,
          "promo_flag": "满额减",
          "image_version": "9",
          "category_path": "01.03.45.00.00.00",
          "second_category_path": "01.03.00.00.00.00",
          "category_id": 16846,
          "category_flag": "",
          "category_name": "社会",
          "reason": "猜您喜欢",
          "beloved_tag": 0,
          "second_category_name": "小说",
          "jump_url": "javascript:if(typeof openQuitAppClick === 'function'){openQuitAppClick();}window.location.href='http://product.m.dangdang.com/25119332.html?t=1577432531';console",
          "shop_logo": "",
          "shop_name": "",
          "color_value": "",
          "image_url": "http://img3m2.ddimg.cn/62/32/25119332-1_h_9.jpg",
          "ziying":"当当自营"
      },
      {
          "name": "少年读史记（套装全5册）",
          "price": "￥50.00",
          "yuanjia":"￥54.00",
          "product_id": 23778791,
          "author_name": "张嘉骅",
          "subtitle": "精巧32开本，当当独家定制版。荣获第六届中华优秀出版物奖 ；史学、文学、哲学、国学一次到位，台湾著名儿童文学作家张嘉骅倾力打造更适合孩子阅读的《史记》！",
          "shop_id": 0,
          "review_count": 638382,
          "ebook_price": "",
          "is_mb_exclusive": 0,
          "chuabnshe":"中国人民出版社",
          "promo_flag": "限时抢",
          "image_version": "4",
          "category_path": "01.41.26.11.00.00",
          "second_category_path": "01.41.00.00.00.00",
          "category_id": 50011,
          "category_flag": "",
          "category_name": "经典名著少儿版",
          "reason": "猜您喜欢",
          "beloved_tag": 0,
          "second_category_name": "童书",
          "jump_url": "javascript:if(typeof openQuitAppClick === 'function'){openQuitAppClick();}window.location.href='http://product.m.dangdang.com/23778791.html?t=1577432531';console",
          "shop_logo": "",
          "shop_name": "",
          "color_value": "",
          "image_url": "http://img3m1.ddimg.cn/80/1/23778791-1_h_4.jpg",
          "ziying":"当当自营"
      },
      {
          "name": "平凡的世界：全三册（故事里的中国，董卿、朱一龙推荐，八年级下册自主阅读推荐）",
          "price": "￥108.00",
          "yuanjia":"￥124.00",
          "chuabnshe":"中国人民出版社",
          "product_id": 25090502,
          "author_name": "路遥 著，新经典 出品",
          "subtitle": "新晋男神朱一龙推荐阅读。茅盾文学奖皇冠上的明珠，激励亿万读者的不朽经典。深受老师和学生喜爱的新课标必读书",
          "shop_id": 0,
          "review_count": 1125355,
          "ebook_price": "",
          "is_mb_exclusive": 0,
          "promo_flag": "满额减",
          "image_version": "5",
          "category_path": "01.03.45.00.00.00",
          "second_category_path": "01.03.00.00.00.00",
          "category_id": 16846,
          "category_flag": "",
          "category_name": "社会",
          "reason": "猜您喜欢",
          "beloved_tag": 0,
          "second_category_name": "小说",
          "jump_url": "javascript:if(typeof openQuitAppClick === 'function'){openQuitAppClick();}window.location.href='http://product.m.dangdang.com/25090502.html?t=1577432531';console",
          "shop_logo": "",
          "shop_name": "",
          "color_value": "",
          "image_url": "http://img3m2.ddimg.cn/41/25/25090502-1_h_5.jpg",
          "ziying":"当当自营"
      },
      {
          "name": "信谊世界精选图画书·猜猜我有多爱你",
          "price": "￥19.40",
          "yuanjia":"￥25.00",
          "product_id": 25218540,
          "author_name": "[英]麦克布雷尼 编文；[英]婕朗 绘；梅子涵 译",
          "subtitle": "家有二宝要看《猜猜我有多爱你》+《你们都是我的zui爱》亲子共读书单上不可缺少的一本绘本，开启中国孩子的图画书阅读时代（央视【朗读者】节目第9期 奥运冠军邹市明、冉莹颖 一家四口甜蜜朗读）",
          "shop_id": 0,
          "review_count": 653732,
          "ebook_price": "",
          "is_mb_exclusive": 0,
          "chuabnshe":"中国人民出版社",
          "promo_flag": "限时抢",
          "image_version": "3",
          "category_path": "01.41.70.01.03.00",
          "second_category_path": "01.41.00.00.00.00",
          "category_id": 52119,
          "category_flag": "",
          "category_name": " ",
          "reason": "猜您喜欢",
          "beloved_tag": 0,
          "second_category_name": "童书",
          "jump_url": "javascript:if(typeof openQuitAppClick === 'function'){openQuitAppClick();}window.location.href='http://product.m.dangdang.com/25218540.html?t=1577432531';console",
          "shop_logo": "",
          "shop_name": "",
          "color_value": "",
          "image_url": "http://img3m0.ddimg.cn/72/6/25218540-1_h_3.jpg",
          "ziying":"当当自营"
      },
      {
          "name": "好吃的悲伤：怎样靠自己战胜抑郁症？（耶鲁大学“抑郁自救”课：陷入抑郁的人，该怎样放过自己？）",
          "price": "￥27.00",
          "yuanjia":"￥29.00",
          "product_id": 28472133,
          "author_name": "（英）安妮塔·佩雷斯·索耶",
          "subtitle": "你有抑郁症前兆吗？为什么你比别人更容易抑郁？怎样战胜抑郁症？她是耶鲁大学心理导师，她抑郁了。她用自己的自愈故事，给所有人上了一堂抑郁自救课！写给每个离抑郁症很近的人。",
          "shop_id": 0,
          "review_count": 1383,
          "ebook_price": "",
          "is_mb_exclusive": 0,
          "promo_flag": "限时抢",
          "chuabnshe":"中国人民出版社",
          "image_version": "3",
          "category_path": "01.31.02.00.00.00",
          "second_category_path": "01.31.00.00.00.00",
          "category_id": 51430,
          "category_flag": "",
          "category_name": "心理百科",
          "reason": "",
          "beloved_tag": 0,
          "second_category_name": "心理学",
          "jump_url": "javascript:if(typeof openQuitAppClick === 'function'){openQuitAppClick();}window.location.href='http://product.m.dangdang.com/28472133.html?t=1577432531';console",
          "shop_logo": "",
          "shop_name": "",
          "color_value": "",
          "image_url": "http://img3m3.ddimg.cn/30/4/28472133-1_h_3.jpg",
          "ziying":"当当自营"
      },
      {
          "name": "国富论",
          "price": "￥21.60",
          "yuanjia":"￥24.00",
          "product_id": 28473201,
          "author_name": "（英）斯密 著,博集天卷 出品",
          "subtitle": "经济学史上三部伟大巨著之一，经济学鼻祖亚当?斯密的开山之作，被誉为西方经济学“圣经” “推动世界历史进程的十大著作之一”，后世经济学家的工作仅仅是在《国富论》的框架基础上做些修补。",
          "shop_id": 0,
          "review_count": 2038,
          "ebook_price": "",
          "chuabnshe":"中国人民出版社",
          "is_mb_exclusive": 0,
          "promo_flag": "限时抢",
          "image_version": "3",
          "category_path": "01.25.01.05.00.00",
          "second_category_path": "01.25.00.00.00.00",
          "category_id": 7430,
          "category_flag": "",
          "category_name": "其他经济学理论",
          "reason": "",
          "beloved_tag": 0,
          "second_category_name": "经济",
          "jump_url": "javascript:if(typeof openQuitAppClick === 'function'){openQuitAppClick();}window.location.href='http://product.m.dangdang.com/28473201.html?t=1577432531';console",
          "shop_logo": "",
          "shop_name": "",
          "color_value": "",
          "image_url": "http://img3m1.ddimg.cn/9/36/28473201-1_h_3.jpg",
          "ziying":"当当自营"
      },
      {
          "name": "深度销售：一线销售的实战行动指南",
          "price": "￥24.70",
          "yuanjia":"￥28.00",
          "product_id": 28473637,
          "author_name": "朱圣金 著，斯坦威 出品",
          "subtitle": "一线销售的实战行动指南！思维×行动×沟通×分析×协作，360°全方位提升销售能力，轻松实现爆发式赢单。销售精英硬核力作，多年实战笔记独家公开，十余家企业高管感动推荐！",
          "shop_id": 0,
          "review_count": 345,
          "ebook_price": "",
          "is_mb_exclusive": 0,
          "promo_flag": "限时抢",
          "image_version": "10",
          "category_path": "01.22.03.05.00.00",
          "second_category_path": "01.22.00.00.00.00",
          "category_id": 9076,
          "chuabnshe":"中国人民出版社",
          "category_flag": "",
          "category_name": "销售",
          "reason": "",
          "beloved_tag": 0,
          "second_category_name": "管理",
          "jump_url": "javascript:if(typeof openQuitAppClick === 'function'){openQuitAppClick();}window.location.href='http://product.m.dangdang.com/28473637.html?t=1577432531';console",
          "shop_logo": "",
          "shop_name": "",
          "color_value": "",
          "image_url": "http://img3m7.ddimg.cn/49/28/28473637-1_h_10.jpg",
          "ziying":"当当自营"
      },
      {
          "name": "傩神：崔老道和打神鞭（精装）（天下霸唱作品）",
          "price": "￥29.80",
          "yuanjia":"￥34.00",
          "product_id": 28484742,
          "author_name": "天下霸唱 著，新华先锋 出品",
          "subtitle": "天下霸唱经典作品，崔老道探四宝将军墓，“打神鞭”杨方闯金顶宝城。一朝结拜，便去翻江倒海，入地寻龙。揭开黄河傩王的神秘面具！",
          "shop_id": 0,
          "review_count": 76,
          "ebook_price": "",
          "is_mb_exclusive": 0,
          "promo_flag": "限时抢",
          "chuabnshe":"中国人民出版社",
          "image_version": "3",
          "category_path": "01.03.38.00.00.00",
          "second_category_path": "01.03.00.00.00.00",
          "category_id": 16834,
          "category_flag": "",
          "category_name": "侦探/悬疑/推理",
          "reason": "",
          "beloved_tag": 0,
          "second_category_name": "小说",
          "jump_url": "javascript:if(typeof openQuitAppClick === 'function'){openQuitAppClick();}window.location.href='http://product.m.dangdang.com/28484742.html?t=1577432531';console",
          "shop_logo": "",
          "shop_name": "",
          "color_value": "",
          "image_url": "http://img3m2.ddimg.cn/66/33/28484742-1_h_3.jpg",
          "ziying":"当当自营"
      },
      {
          "name": "作家榜经典：月亮与六便士（畅销250万册！荣获2018当当名著桂冠！2017豆瓣阅读桂冠！上海国际学校指定必读译本）",
          "price": "￥18.90",
          "yuanjia":"￥34.00",
          "product_id": 24175371,
          "author_name": "毛姆 著，徐淳刚 译，大星文化 出品，作家榜经典文库，高更 绘",
          "subtitle": "荣获4项大奖译本！开创当当820816名读者真实5星好评奇迹！全新未删节插图珍藏版，译者荣获波比小说大奖！认准作家榜，拒绝山寨版！满地都是六便士，他却抬头看见了月亮！大星文化出品",
          "shop_id": 0,
          "review_count": 820816,
          "ebook_price": "",
          "is_mb_exclusive": 0,
          "chuabnshe":"中国人民出版社",
          "promo_flag": "限时抢",
          "image_version": "103",
          "category_path": "01.03.56.01.00.00",
          "second_category_path": "01.03.00.00.00.00",
          "category_id": 16859,
          "category_flag": "",
          "category_name": "欧洲",
          "reason": "猜您喜欢",
          "beloved_tag": 0,
          "second_category_name": "小说",
          "jump_url": "javascript:if(typeof openQuitAppClick === 'function'){openQuitAppClick();}window.location.href='http://product.m.dangdang.com/24175371.html?t=1577432531';console",
          "shop_logo": "",
          "shop_name": "",
          "color_value": "",
          "image_url": "http://img3m1.ddimg.cn/66/15/24175371-1_h_103.jpg",
          "ziying":"当当自营"
      },
      {
          "name": "人生海海（麦家重磅新作！莫言、董卿、王家卫、高晓松、杨洋倾力推荐）",
          "price": "￥27.50",
          "yuanjia":"￥33.00",
          "product_id": 26921715,
          "author_name": "麦家  著 ，新经典  出品",
          "subtitle": "60天发行60万册！茅盾文学奖得主麦家力作！豆瓣zui受关注图书榜虚构类连续六周TOP1。挑战常人不敢落笔之处，解密人性的荒唐与高尚",
          "shop_id": 0,
          "review_count": 271650,
          "ebook_price": "",
          "is_mb_exclusive": 0,
          "promo_flag": "限时抢",
          "image_version": "2",
          "category_path": "01.03.30.00.00.00",
          "second_category_path": "01.03.00.00.00.00",
          "category_id": 16816,
          "chuabnshe":"中国人民出版社",
          "category_flag": "",
          "category_name": "中国当代小说",
          "reason": "猜您喜欢",
          "beloved_tag": 0,
          "second_category_name": "小说",
          "jump_url": "javascript:if(typeof openQuitAppClick === 'function'){openQuitAppClick();}window.location.href='http://product.m.dangdang.com/26921715.html?t=1577432531';console",
          "shop_logo": "",
          "shop_name": "",
          "color_value": "",
          "image_url": "http://img3m5.ddimg.cn/51/34/26921715-1_h_2.jpg",
          "ziying":"当当自营"
      },
      {
          "name": "我喜欢生命本来的样子(周国平经典散文作品集)",
          "price": "￥22.50",
          "yuanjia":"￥34.00",
          "product_id": 24198400,
          "author_name": "周国平",
          "subtitle": "影响和改变万千年轻人对人生的思考和生活的态度！上市半年以来，销售突破10万册，4万读者诚挚推荐！2017年，周国平散文ZUI佳精选集！裸书脊精装，四色印刷，林帝浣插图，但愿你保持住一份生命的本色!",
          "shop_id": 0,
          "review_count": 599662,
          "ebook_price": "",
          "is_mb_exclusive": 0,
          "promo_flag": "限时抢",
          "chuabnshe":"中国人民出版社",
          "image_version": "4",
          "category_path": "01.05.06.00.00.00",
          "second_category_path": "01.05.00.00.00.00",
          "category_id": 5686,
          "category_flag": "",
          "category_name": "文集",
          "reason": "猜您喜欢",
          "beloved_tag": 0,
          "second_category_name": "文学",
          "jump_url": "javascript:if(typeof openQuitAppClick === 'function'){openQuitAppClick();}window.location.href='http://product.m.dangdang.com/24198400.html?t=1577432531';console",
          "shop_logo": "",
          "shop_name": "",
          "color_value": "",
          "image_url": "http://img3m0.ddimg.cn/28/30/24198400-1_h_4.jpg",
          "ziying":"当当自营"
      },
      {
          "name": "万历十五年 一本好书 腾讯视频栏目推荐",
          "price": "￥13.00",
          "yuanjia":"￥24.00",
          "product_id": 23445575,
          "chuabnshe":"中国人民出版社",
          "author_name": "黄仁宇",
          "subtitle": "（《人民的名义》多次提到《万历十五年》，为什么这么多人研究呢？三联书店出版黄仁宇先生的成名代表之作。万历十五年是大明王朝的转折点，腐败、敷衍，社风奢靡，都是悄悄埋葬大明王朝的导火线，值得当下深思。）",
          "shop_id": 0,
          "review_count": 651181,
          "ebook_price": "",
          "is_mb_exclusive": 0,
          "promo_flag": "限时抢",
          "image_version": "5",
          "category_path": "01.36.02.00.00.00",
          "second_category_path": "01.36.00.00.00.00",
          "category_id": 50946,
          "category_flag": "",
          "category_name": "历史随笔",
          "reason": "猜您喜欢",
          "beloved_tag": 0,
          "second_category_name": "历史",
          "jump_url": "javascript:if(typeof openQuitAppClick === 'function'){openQuitAppClick();}window.location.href='http://product.m.dangdang.com/23445575.html?t=1577432531';console",
          "shop_logo": "",
          "shop_name": "",
          "color_value": "",
          "image_url": "http://img3m5.ddimg.cn/98/7/23445575-1_h_5.jpg",
          "ziying":"当当自营"
      },
      {
          "name": "皮囊（350万册纪念版。直面人生的终极问题，刻在骨头里的故事，容纳一个个既失去家乡又未到达远方的生命。感动千万读者的国民读本）",
          "price": "￥24.70",
          "yuanjia":"￥34.00",
          "product_id": 27872661,
          "author_name": "蔡崇达，果麦文化 出品",
          "subtitle": "刘德华、韩寒、白岩松感动推荐。2019全新升级，书封采用具有肌肤质感的SKINS纸。命运是一条闪闪发光的金色河流，我们彼此相遇，卸下皮囊，以心相交。果麦出品",
          "shop_id": 0,
          "review_count": 855901,
          "ebook_price": "",
          "chuabnshe":"中国人民出版社",
          "is_mb_exclusive": 0,
          "promo_flag": "限时抢",
          "image_version": "13",
          "category_path": "01.05.16.00.00.00",
          "second_category_path": "01.05.00.00.00.00",
          "category_id": 3809,
          "category_flag": "",
          "category_name": "中国现当代随笔",
          "reason": "猜您喜欢",
          "beloved_tag": 1,
          "second_category_name": "文学",
          "jump_url": "http://touch.m.dangdang.com/recommend_category.php?cat_path=01.05.00.00.00.00",
          "shop_logo": "",
          "shop_name": "",
          "color_value": "#B0D1F9",
          "image_url": "http://img3m1.ddimg.cn/3/6/27872661-1_h_13.jpg",
          "ziying":"当当自营"
      },
      {
          "name": "丰子恺万般滋味，都是生活",
          "price": "￥21.00",
          "yuanjia":"￥34.00",
          "product_id": 25308985,
          "author_name": "丰子恺",
          "subtitle": "杨澜、延参法师、央视财经频道一致推荐！全彩插图珍藏本，丰子恺*温暖的散文作品。献给曾是孩子的你！愿你永葆童真，并乐此不疲，去生活！超值赠送精美书签1枚，明信片4张。团购电话400-1066666转6",
          "shop_id": 0,
          "review_count": 263618,
          "ebook_price": "",
          "is_mb_exclusive": 0,
          "chuabnshe":"中国人民出版社",
          "promo_flag": "限时抢",
          "image_version": "8",
          "category_path": "01.05.16.00.00.00",
          "second_category_path": "01.05.00.00.00.00",
          "category_id": 3809,
          "category_flag": "",
          "category_name": "中国现当代随笔",
          "reason": "猜您喜欢",
          "beloved_tag": 0,
          "second_category_name": "文学",
          "jump_url": "javascript:if(typeof openQuitAppClick === 'function'){openQuitAppClick();}window.location.href='http://product.m.dangdang.com/25308985.html?t=1577432531';console",
          "shop_logo": "",
          "shop_name": "",
          "color_value": "",
          "image_url": "http://img3m5.ddimg.cn/31/23/25308985-1_h_8.jpg",
          "ziying":"当当自营"
      },
      {
          "name": "孤儿故事",
          "price": "￥21.00",
          "yuanjia":"￥24.00",
          "product_id": 28471006,
          "author_name": "[美]帕姆·杰诺芙",
          "subtitle": "“图书界的奥斯卡”鹅毛笔大奖提名作家帕姆?杰诺芙《纽约时报》畅销书，亚网美国犹太小说第4位，好读网（Goodreads）40000+好评发生在德国马戏团中的“辛德勒名单”故事权威媒体、作家、书评人联袂",
          "shop_id": 0,
          "review_count": 1248,
          "ebook_price": "",
          "is_mb_exclusive": 0,
          "chuabnshe":"中国人民出版社",
          "promo_flag": "限时抢",
          "image_version": "3",
          "category_path": "01.03.35.02.00.00",
          "second_category_path": "01.03.00.00.00.00",
          "category_id": 16827,
          "category_flag": "",
          "category_name": "美国",
          "reason": "",
          "beloved_tag": 0,
          "second_category_name": "小说",
          "jump_url": "javascript:if(typeof openQuitAppClick === 'function'){openQuitAppClick();}window.location.href='http://product.m.dangdang.com/28471006.html?t=1577432531';console",
          "shop_logo": "",
          "shop_name": "",
          "color_value": "",
          "image_url": "http://img3m6.ddimg.cn/91/24/28471006-1_h_3.jpg",
          "ziying":"当当自营"
      },
      {
          "name": "深度说服（马东 黄执中 马薇薇 推荐）",
          "price": "￥24.00",
          "yuanjia":"￥34.00",
          "product_id": 28480866,
          "author_name": "梁秋阳 主编   华文天下出品",
          "subtitle": "马东倾情推荐 黄执中 马薇薇作序 胡渐彪 颜如晶 刘京京客串分享",
          "shop_id": 0,
          "review_count": 1256,
          "ebook_price": "",
          "is_mb_exclusive": 0,
          "promo_flag": "限时抢",
          "image_version": "1",
          "category_path": "01.21.12.03.00.00",
          "chuabnshe":"中国人民出版社",
          "second_category_path": "01.21.00.00.00.00",
          "category_id": 19515,
          "category_flag": "",
          "category_name": "说服力/说话技巧",
          "reason": "",
          "beloved_tag": 0,
          "second_category_name": "成功/励志",
          "jump_url": "javascript:if(typeof openQuitAppClick === 'function'){openQuitAppClick();}window.location.href='http://product.m.dangdang.com/28480866.html?t=1577432531';console",
          "shop_logo": "",
          "shop_name": "",
          "color_value": "",
          "image_url": "http://img3m6.ddimg.cn/51/5/28480866-1_h_1.jpg",
          "ziying":"当当自营"
      }
  ],
  "errorCode": 0,
  "errorMsg": "成功"
}