{"data":{
    "new_price": {
        "price_1": "43.50",
        "price_2": "58.00",
        "price_3": "7.5折",
        "price1_name": "",
        "price2_name": "original_price",
        "price3_name": "",
        "is_show_discount": 1,
        "price_type_name": "定价",
        "promo_price_name": "",
        "vip_name": "",
        "login_note": "",
        "login_url": "",
        "price_4_promo_name": "",
        "price_4_sale": "43.50",
        "price_4_vip": "",
        "price_4_sale_name": "",
        "price_4_vip_name": "",
        "show_price_name": "sale_price",
        "discount": 7.5,
        "dis_recomment":"1448人评论"
    },
    "big_img":[
      "http://img3m7.ddimg.cn/9/4/27950877-2_e_3.jpg",
      "http://img3m7.ddimg.cn/9/4/27950877-3_e_3.jpg",
      "http://img3m7.ddimg.cn/9/4/27950877-4_e_3.jpg",
      "http://img3m7.ddimg.cn/9/4/27950877-5_e_3.jpg"
    ],
    "dataProduct": {
      "productName": "古文观止 上下(全2册) 古文选本 教育部统编语文推荐阅读丛书 中华经典名著 全注全译全析 国学爱好图书 古籍经典"
    },
    "promo_model": [
      {
          "promo_info": {
              "101": {
                  "meet": {
                      "meet_type": "-buy_total_money-money_compare_type-",
                      "money_compare_type": "3",
                      "buy_total_money": "79.00"
                  },
                  "favor": {
                      "favor_type": "direct_price",
                      "direct_price": "30.00"
                  },
                  "step": "1",
                  "dimensions": []
              }
          },
          "start_date": "2019-12-26 00:01:00",
          "end_date": "2019-12-31 23:59:59",
          "limit_buy_num": "10000",
          "is_enabled_coupon": "0",
          "is_enabled_coupon_promo": "0",
          "promo_class": "2",
          "promotion_id": "6332756",
          "promotion_type": "20",
          "promotion_name": "12.26-12.31教辅每满79减30",
          "promotion_expire": true,
          "limit_time_left": "3天2小时26分",
          "word": "每满￥79.00减￥30.00",
          "promotion_tag": "满额减",
          "red": [
              "每满￥79.00减￥30.00"
          ],
          "is_strike": false,
          "n_tag": "每满79减30"
      }],
      "review_list": [
        {
            "comment_id": "350497381",
            "shop_id": "0",
            "product_id": "27950877",
            "main_product_id": "27950877",
            "cust_id": "341273863",
            "cust_attr": [],
            "score": "5",
            "creation_date": "2019-12-18 19:16:29",
            "content": "我自己学习用的，每周背两篇，之前已经背了一部分，这次买的比之前的书更详细，喜欢！",
            "product_attr": [],
            "comment_image": [
                {
                    "big_img": "http://img7x0.ddimg.cn/Community71/38/25/16776380-reviewimg-1_e.jpg",
                    "small_img": "http://img7x0.ddimg.cn/Community71/38/25/16776380-reviewimg-1_p.jpg"
                }
            ],
            "continue_comments": [],
            "delivery_confirm_date": "2019-12-18 13:44:46",
            "category_path": "01.43.70.01.00.00",
            "is_anonymous": "0",
            "is_top": "0",
            "is_wonderful": "0",
            "total_helpful_num": 1,
            "total_useless_num": 0,
            "user_helpful_status": 0,
            "user_useless_status": 0,
            "total_reply_num": "0",
            "order_id": "39275010883",
            "is_bought": 1,
            "cust_name": "",
            "cust_logo": "http://img7x8.ddimg.cn/imghead/39/30/5051087781438-1_e.png",
            "cust_identity": "",
            "customer_identity_url": "http://img7x9.ddimg.cn/Community71/25/25/1546071739-reviewimg-9_o.jpg",
            "shop_reply_content": "",
            "audit_reply_content": "",
            "first_reply_content": "",
            "cust_desc": "",
            "detail_link": "http://home.m.dangdang.com/my.php#/commentDetail/product_id=27950877&main_product_id=27950877&product_category=01.43.70.01.00.00&order_id=39275010883&comment_cust_id=341273863&comment_type=0?t=1577540104",
            "cust_link": "http://home.m.dangdang.com/my.php?cust_id=341273863"
        },
        {
            "comment_id": "349830257",
            "shop_id": "0",
            "product_id": "27950877",
            "main_product_id": "27950877",
            "cust_id": "318123743",
            "cust_attr": [],
            "score": "5",
            "creation_date": "2019-11-30 08:53:23",
            "content": "这套古文观止的题解对文章的写作背景和作者情况介绍甚详，值得一读。",
            "product_attr": [],
            "comment_image": [
                {
                    "big_img": "http://img7x6.ddimg.cn/Community71/40/6/16685896-reviewimg-1_e.jpg",
                    "small_img": "http://img7x6.ddimg.cn/Community71/40/6/16685896-reviewimg-1_p.jpg"
                },
                {
                    "big_img": "http://img7x7.ddimg.cn/Community71/41/7/16685897-reviewimg-1_e.jpg",
                    "small_img": "http://img7x7.ddimg.cn/Community71/41/7/16685897-reviewimg-1_p.jpg"
                }
            ],
            "continue_comments": [],
            "delivery_confirm_date": "2019-11-29 11:31:28",
            "category_path": "01.43.70.01.00.00",
            "is_anonymous": "1",
            "is_top": "0",
            "is_wonderful": "0",
            "total_helpful_num": 1,
            "total_useless_num": 0,
            "user_helpful_status": 0,
            "user_useless_status": 0,
            "total_reply_num": "0",
            "order_id": "39183820493",
            "is_bought": 1,
            "cust_name": "",
            "cust_logo": "http://img7x8.ddimg.cn/imghead/17/2/4754464698968-1_e.png",
            "cust_identity": "",
            "customer_identity_url": "http://img7x9.ddimg.cn/Community71/25/25/1546071739-reviewimg-9_o.jpg",
            "shop_reply_content": "",
            "audit_reply_content": "",
            "first_reply_content": "",
            "cust_desc": "",
            "detail_link": "http://home.m.dangdang.com/my.php#/commentDetail/product_id=27950877&main_product_id=27950877&product_category=01.43.70.01.00.00&order_id=39183820493&comment_cust_id=318123743&comment_type=0?t=1577540104",
            "cust_link": ""
        },
        {
            "comment_id": "348880129",
            "shop_id": "0",
            "product_id": "27950877",
            "main_product_id": "27950877",
            "cust_id": "259810310",
            "cust_attr": [],
            "score": "5",
            "creation_date": "2019-11-05 20:08:18",
            "content": "有助于我们孩子了解文章的写作背景和作者情况，每篇作品都有题解，译文，注释，评析。",
            "product_attr": [],
            "comment_image": [
                {
                    "big_img": "http://img7x4.ddimg.cn/Community71/28/24/16548274-reviewimg-1_e.jpg",
                    "small_img": "http://img7x4.ddimg.cn/Community71/28/24/16548274-reviewimg-1_p.jpg"
                }
            ],
            "continue_comments": [],
            "delivery_confirm_date": "2019-11-03 13:36:09",
            "category_path": "01.43.70.01.00.00",
            "is_anonymous": "0",
            "is_top": "0",
            "is_wonderful": "0",
            "total_helpful_num": 1,
            "total_useless_num": 0,
            "user_helpful_status": 0,
            "user_useless_status": 0,
            "total_reply_num": "0",
            "order_id": "38964984610",
            "is_bought": 1,
            "cust_name": "wx009f249b40",
            "cust_logo": "http://img7x9.ddimg.cn/imghead/58/23/5357425335529-1_e.png",
            "cust_identity": "",
            "customer_identity_url": "http://img7x9.ddimg.cn/Community71/25/25/1546071739-reviewimg-9_o.jpg",
            "shop_reply_content": "",
            "audit_reply_content": "",
            "first_reply_content": "",
            "cust_desc": "",
            "detail_link": "http://home.m.dangdang.com/my.php#/commentDetail/product_id=27950877&main_product_id=27950877&product_category=01.43.70.01.00.00&order_id=38964984610&comment_cust_id=259810310&comment_type=0?t=1577540104",
            "cust_link": "http://home.m.dangdang.com/my.php?cust_id=259810310"
        },
        {
            "comment_id": "348877276",
            "shop_id": "0",
            "product_id": "27950877",
            "main_product_id": "27950877",
            "cust_id": "325425562",
            "cust_attr": [],
            "score": "5",
            "creation_date": "2019-11-05 18:58:00",
            "content": "书的质量一般，如果是硬皮书会更精致一些，书的内容还没看，但印刷字迹很清晰。",
            "product_attr": [],
            "comment_image": [],
            "continue_comments": [],
            "delivery_confirm_date": "2019-11-02 15:12:26",
            "category_path": "01.43.70.01.00.00",
            "is_anonymous": "0",
            "is_top": "0",
            "is_wonderful": "0",
            "total_helpful_num": 0,
            "total_useless_num": 0,
            "user_helpful_status": 0,
            "user_useless_status": 0,
            "total_reply_num": "0",
            "order_id": "39024618562",
            "is_bought": 1,
            "cust_name": "",
            "cust_logo": "http://img7x4.ddimg.cn/imghead/98/32/1442354677334-1_e.png",
            "cust_identity": "",
            "customer_identity_url": "http://img7x9.ddimg.cn/Community71/25/25/1546071739-reviewimg-9_o.jpg",
            "shop_reply_content": "",
            "audit_reply_content": "",
            "first_reply_content": "",
            "cust_desc": "",
            "detail_link": "http://home.m.dangdang.com/my.php#/commentDetail/product_id=27950877&main_product_id=27950877&product_category=01.43.70.01.00.00&order_id=39024618562&comment_cust_id=325425562&comment_type=0?t=1577540104",
            "cust_link": "http://home.m.dangdang.com/my.php?cust_id=325425562"
        },
        {
            "comment_id": "349841807",
            "shop_id": "0",
            "product_id": "27950877",
            "main_product_id": "27950877",
            "cust_id": "268221847",
            "cust_attr": [],
            "score": "5",
            "creation_date": "2019-11-30 17:01:12",
            "content": "书的质量很好，上小学的孩子现在还不太看得懂，先囤着。",
            "product_attr": [],
            "comment_image": [],
            "continue_comments": [],
            "delivery_confirm_date": "2019-11-02 16:35:40",
            "category_path": "01.43.70.01.00.00",
            "is_anonymous": "0",
            "is_top": "0",
            "is_wonderful": "0",
            "total_helpful_num": 0,
            "total_useless_num": 0,
            "user_helpful_status": 0,
            "user_useless_status": 0,
            "total_reply_num": "0",
            "order_id": "39028043297",
            "is_bought": 1,
            "cust_name": "",
            "cust_logo": "http://img7x6.ddimg.cn/imghead/52/1/5161576570576-1_e.png",
            "cust_identity": "",
            "customer_identity_url": "http://img7x9.ddimg.cn/Community71/25/25/1546071739-reviewimg-9_o.jpg",
            "shop_reply_content": "",
            "audit_reply_content": "",
            "first_reply_content": "",
            "cust_desc": "",
            "detail_link": "http://home.m.dangdang.com/my.php#/commentDetail/product_id=27950877&main_product_id=27950877&product_category=01.43.70.01.00.00&order_id=39028043297&comment_cust_id=268221847&comment_type=0?t=1577540104",
            "cust_link": "http://home.m.dangdang.com/my.php?cust_id=268221847"
        },
        {
            "comment_id": "348632703",
            "shop_id": "0",
            "product_id": "27950877",
            "main_product_id": "27950877",
            "cust_id": "339009628",
            "cust_attr": [],
            "score": "5",
            "creation_date": "2019-10-31 09:33:22",
            "content": "这是给孩子的课外书，很不错，质量很好，与网上的描述一样",
            "product_attr": [],
            "comment_image": [],
            "continue_comments": [],
            "delivery_confirm_date": null,
            "category_path": "01.43.70.01.00.00",
            "is_anonymous": "0",
            "is_top": "0",
            "is_wonderful": "0",
            "total_helpful_num": 0,
            "total_useless_num": 0,
            "user_helpful_status": 0,
            "user_useless_status": 0,
            "total_reply_num": "0",
            "order_id": "1",
            "is_bought": 0,
            "cust_name": "wx0085ecac7d",
            "cust_logo": "http://img7x4.ddimg.cn/imghead/43/24/3212833697314-1_e.png",
            "cust_identity": "",
            "customer_identity_url": "",
            "shop_reply_content": "",
            "audit_reply_content": "",
            "first_reply_content": "",
            "cust_desc": "",
            "detail_link": "http://home.m.dangdang.com/my.php#/commentDetail/product_id=27950877&main_product_id=27950877&product_category=01.43.70.01.00.00&order_id=1&comment_cust_id=339009628&comment_type=0?t=1577540104",
            "cust_link": "http://home.m.dangdang.com/my.php?cust_id=339009628"
        },
        {
            "comment_id": "350799496",
            "shop_id": "0",
            "product_id": "27950877",
            "main_product_id": "27950877",
            "cust_id": "339758102",
            "cust_attr": [],
            "score": "5",
            "creation_date": "2019-12-28 07:15:41",
            "content": "学习历史知识，增强自身素质",
            "product_attr": [],
            "comment_image": [],
            "continue_comments": [],
            "delivery_confirm_date": "2019-11-24 16:52:59",
            "category_path": "01.43.70.01.00.00",
            "is_anonymous": "1",
            "is_top": "0",
            "is_wonderful": "0",
            "total_helpful_num": 0,
            "total_useless_num": 0,
            "user_helpful_status": 0,
            "user_useless_status": 0,
            "total_reply_num": "0",
            "order_id": "39171962312",
            "is_bought": 1,
            "cust_name": "",
            "cust_logo": "http://img7x6.ddimg.cn/imghead/92/30/5404578738266-1_e.png",
            "cust_identity": "",
            "customer_identity_url": "http://img7x9.ddimg.cn/Community71/25/25/1546071739-reviewimg-9_o.jpg",
            "shop_reply_content": "",
            "audit_reply_content": "",
            "first_reply_content": "",
            "cust_desc": "",
            "detail_link": "http://home.m.dangdang.com/my.php#/commentDetail/product_id=27950877&main_product_id=27950877&product_category=01.43.70.01.00.00&order_id=39171962312&comment_cust_id=339758102&comment_type=0?t=1577540104",
            "cust_link": ""
        },
        {
            "comment_id": "350775591",
            "shop_id": "0",
            "product_id": "27950877",
            "main_product_id": "27950877",
            "cust_id": "144396491",
            "cust_attr": [],
            "score": "5",
            "creation_date": "2019-12-26 23:33:57",
            "content": "给宝贝备着",
            "product_attr": [],
            "comment_image": [],
            "continue_comments": [],
            "delivery_confirm_date": "2019-12-11 19:11:43",
            "category_path": "01.43.70.01.00.00",
            "is_anonymous": "1",
            "is_top": "0",
            "is_wonderful": "0",
            "total_helpful_num": 0,
            "total_useless_num": 0,
            "user_helpful_status": 0,
            "user_useless_status": 0,
            "total_reply_num": "0",
            "order_id": "39240727601",
            "is_bought": 1,
            "cust_name": "",
            "cust_logo": "http://img7x2.ddimg.cn/imghead/54/10/1684573254792-1_e.png",
            "cust_identity": "",
            "customer_identity_url": "http://img7x9.ddimg.cn/Community71/25/25/1546071739-reviewimg-9_o.jpg",
            "shop_reply_content": "",
            "audit_reply_content": "",
            "first_reply_content": "",
            "cust_desc": "",
            "detail_link": "http://home.m.dangdang.com/my.php#/commentDetail/product_id=27950877&main_product_id=27950877&product_category=01.43.70.01.00.00&order_id=39240727601&comment_cust_id=144396491&comment_type=0?t=1577540104",
            "cust_link": ""
        },
        {
            "comment_id": "350749727",
            "shop_id": "0",
            "product_id": "27950877",
            "main_product_id": "27950877",
            "cust_id": "120750104",
            "cust_attr": [],
            "score": "5",
            "creation_date": "2019-12-26 00:17:52",
            "content": "给侄子买的，然后觉得挺好自己看了。",
            "product_attr": [],
            "comment_image": [],
            "continue_comments": [],
            "delivery_confirm_date": "2019-12-09 12:47:12",
            "category_path": "01.43.70.01.00.00",
            "is_anonymous": "0",
            "is_top": "0",
            "is_wonderful": "0",
            "total_helpful_num": 0,
            "total_useless_num": 0,
            "user_helpful_status": 0,
            "user_useless_status": 0,
            "total_reply_num": "0",
            "order_id": "39230286994",
            "is_bought": 1,
            "cust_name": "",
            "cust_logo": "http://img7x8.ddimg.cn/imghead/9/33/3576373599258-1_e.png",
            "cust_identity": "",
            "customer_identity_url": "http://img7x9.ddimg.cn/Community71/25/25/1546071739-reviewimg-9_o.jpg",
            "shop_reply_content": "",
            "audit_reply_content": "",
            "first_reply_content": "",
            "cust_desc": "",
            "detail_link": "http://home.m.dangdang.com/my.php#/commentDetail/product_id=27950877&main_product_id=27950877&product_category=01.43.70.01.00.00&order_id=39230286994&comment_cust_id=120750104&comment_type=0?t=1577540104",
            "cust_link": "http://home.m.dangdang.com/my.php?cust_id=120750104"
        },
        {
            "comment_id": "350738026",
            "shop_id": "0",
            "product_id": "27950877",
            "main_product_id": "27950877",
            "cust_id": "139677533",
            "cust_attr": [],
            "score": "5",
            "creation_date": "2019-12-25 14:21:45",
            "content": "期待已久的",
            "product_attr": [],
            "comment_image": [],
            "continue_comments": [],
            "delivery_confirm_date": "2019-12-21 12:34:22",
            "category_path": "01.43.70.01.00.00",
            "is_anonymous": "0",
            "is_top": "0",
            "is_wonderful": "0",
            "total_helpful_num": 0,
            "total_useless_num": 0,
            "user_helpful_status": 0,
            "user_useless_status": 0,
            "total_reply_num": "0",
            "order_id": "39303539943",
            "is_bought": 1,
            "cust_name": "",
            "cust_logo": "http://img7x8.ddimg.cn/imghead/26/9/7389321422498-1_e.png",
            "cust_identity": "",
            "customer_identity_url": "http://img7x9.ddimg.cn/Community71/25/25/1546071739-reviewimg-9_o.jpg",
            "shop_reply_content": "",
            "audit_reply_content": "",
            "first_reply_content": "",
            "cust_desc": "",
            "detail_link": "http://home.m.dangdang.com/my.php#/commentDetail/product_id=27950877&main_product_id=27950877&product_category=01.43.70.01.00.00&order_id=39303539943&comment_cust_id=139677533&comment_type=0?t=1577540104",
            "cust_link": "http://home.m.dangdang.com/my.php?cust_id=139677533"
        },
        {
            "comment_id": "350693139",
            "shop_id": "0",
            "product_id": "27950877",
            "main_product_id": "27950877",
            "cust_id": "621961477",
            "cust_attr": [],
            "score": "5",
            "creation_date": "2019-12-23 18:34:10",
            "content": "书收到了，物流稍微慢点，但无妨，慢慢阅读吧！",
            "product_attr": [],
            "comment_image": [],
            "continue_comments": [],
            "delivery_confirm_date": "2019-12-23 16:54:57",
            "category_path": "01.43.70.01.00.00",
            "is_anonymous": "0",
            "is_top": "0",
            "is_wonderful": "0",
            "total_helpful_num": 0,
            "total_useless_num": 0,
            "user_helpful_status": 0,
            "user_useless_status": 0,
            "total_reply_num": "0",
            "order_id": "39305226257",
            "is_bought": 1,
            "cust_name": "脑袋里有鱼885686",
            "cust_logo": "http://img7x3.ddimg.cn/imghead/43/15/2160828534193-1_e.png",
            "cust_identity": "",
            "customer_identity_url": "http://img7x9.ddimg.cn/Community71/25/25/1546071739-reviewimg-9_o.jpg",
            "shop_reply_content": "",
            "audit_reply_content": "",
            "first_reply_content": "",
            "cust_desc": "",
            "detail_link": "http://home.m.dangdang.com/my.php#/commentDetail/product_id=27950877&main_product_id=27950877&product_category=01.43.70.01.00.00&order_id=39305226257&comment_cust_id=621961477&comment_type=0?t=1577540104",
            "cust_link": "http://home.m.dangdang.com/my.php?cust_id=621961477"
        },
        {
            "comment_id": "350648010",
            "shop_id": "0",
            "product_id": "27950877",
            "main_product_id": "27950877",
            "cust_id": "136890875",
            "cust_attr": [],
            "score": "5",
            "creation_date": "2019-12-22 21:58:19",
            "content": "多读些古诗文还是很好的",
            "product_attr": [],
            "comment_image": [],
            "continue_comments": [],
            "delivery_confirm_date": "2019-12-21 13:28:51",
            "category_path": "01.43.70.01.00.00",
            "is_anonymous": "0",
            "is_top": "0",
            "is_wonderful": "0",
            "total_helpful_num": 0,
            "total_useless_num": 0,
            "user_helpful_status": 0,
            "user_useless_status": 0,
            "total_reply_num": "0",
            "order_id": "39302110225",
            "is_bought": 1,
            "cust_name": "",
            "cust_logo": "http://img7x5.ddimg.cn/imghead/43/15/6787898903455-1_e.png",
            "cust_identity": "",
            "customer_identity_url": "http://img7x9.ddimg.cn/Community71/25/25/1546071739-reviewimg-9_o.jpg",
            "shop_reply_content": "",
            "audit_reply_content": "",
            "first_reply_content": "",
            "cust_desc": "",
            "detail_link": "http://home.m.dangdang.com/my.php#/commentDetail/product_id=27950877&main_product_id=27950877&product_category=01.43.70.01.00.00&order_id=39302110225&comment_cust_id=136890875&comment_type=0?t=1577540104",
            "cust_link": "http://home.m.dangdang.com/my.php?cust_id=136890875"
        },
        {
            "comment_id": "350630332",
            "shop_id": "0",
            "product_id": "27950877",
            "main_product_id": "27950877",
            "cust_id": "27544236",
            "cust_attr": [],
            "score": "5",
            "creation_date": "2019-12-22 12:36:26",
            "content": "还没时间看",
            "product_attr": [],
            "comment_image": [],
            "continue_comments": [],
            "delivery_confirm_date": "2019-12-18 16:47:23",
            "category_path": "01.43.70.01.00.00",
            "is_anonymous": "0",
            "is_top": "0",
            "is_wonderful": "0",
            "total_helpful_num": 0,
            "total_useless_num": 0,
            "user_helpful_status": 0,
            "user_useless_status": 0,
            "total_reply_num": "0",
            "order_id": "39294953926",
            "is_bought": 1,
            "cust_name": "shujunzh",
            "cust_logo": "http://img7x1.ddimg.cn/imghead/76/36/1708725147601-1_e.png",
            "cust_identity": "",
            "customer_identity_url": "http://img7x9.ddimg.cn/Community71/25/25/1546071739-reviewimg-9_o.jpg",
            "shop_reply_content": "",
            "audit_reply_content": "",
            "first_reply_content": "",
            "cust_desc": "",
            "detail_link": "http://home.m.dangdang.com/my.php#/commentDetail/product_id=27950877&main_product_id=27950877&product_category=01.43.70.01.00.00&order_id=39294953926&comment_cust_id=27544236&comment_type=0?t=1577540104",
            "cust_link": "http://home.m.dangdang.com/my.php?cust_id=27544236"
        },
        {
            "comment_id": "350627511",
            "shop_id": "0",
            "product_id": "27950877",
            "main_product_id": "27950877",
            "cust_id": "204074354",
            "cust_attr": [],
            "score": "5",
            "creation_date": "2019-12-22 10:05:41",
            "content": "挺好的，选来选去选这个版。",
            "product_attr": [],
            "comment_image": [],
            "continue_comments": [],
            "delivery_confirm_date": "2019-12-21 16:27:50",
            "category_path": "01.43.70.01.00.00",
            "is_anonymous": "0",
            "is_top": "0",
            "is_wonderful": "0",
            "total_helpful_num": 0,
            "total_useless_num": 0,
            "user_helpful_status": 0,
            "user_useless_status": 0,
            "total_reply_num": "0",
            "order_id": "39304869924",
            "is_bought": 1,
            "cust_name": "",
            "cust_logo": "http://img7x2.ddimg.cn/imghead/61/23/9617075276452-1_e.png",
            "cust_identity": "",
            "customer_identity_url": "http://img7x9.ddimg.cn/Community71/25/25/1546071739-reviewimg-9_o.jpg",
            "shop_reply_content": "",
            "audit_reply_content": "",
            "first_reply_content": "",
            "cust_desc": "",
            "detail_link": "http://home.m.dangdang.com/my.php#/commentDetail/product_id=27950877&main_product_id=27950877&product_category=01.43.70.01.00.00&order_id=39304869924&comment_cust_id=204074354&comment_type=0?t=1577540104",
            "cust_link": "http://home.m.dangdang.com/my.php?cust_id=204074354"
        },
        {
            "comment_id": "350611787",
            "shop_id": "0",
            "product_id": "27950877",
            "main_product_id": "27950877",
            "cust_id": "299705729",
            "cust_attr": [],
            "score": "5",
            "creation_date": "2019-12-21 12:29:29",
            "content": "先接触，将来碰见古文不犯怵！",
            "product_attr": [],
            "comment_image": [
                {
                    "big_img": "http://img7x4.ddimg.cn/Community71/62/24/16787294-reviewimg-1_e.jpg",
                    "small_img": "http://img7x4.ddimg.cn/Community71/62/24/16787294-reviewimg-1_p.jpg"
                },
                {
                    "big_img": "http://img7x5.ddimg.cn/Community71/63/25/16787295-reviewimg-1_e.jpg",
                    "small_img": "http://img7x5.ddimg.cn/Community71/63/25/16787295-reviewimg-1_p.jpg"
                }
            ],
            "continue_comments": [],
            "delivery_confirm_date": "2019-12-21 12:28:20",
            "category_path": "01.43.70.01.00.00",
            "is_anonymous": "0",
            "is_top": "0",
            "is_wonderful": "0",
            "total_helpful_num": 0,
            "total_useless_num": 0,
            "user_helpful_status": 0,
            "user_useless_status": 0,
            "total_reply_num": "0",
            "order_id": "39304014809",
            "is_bought": 1,
            "cust_name": "",
            "cust_logo": "http://img7x7.ddimg.cn/imghead/0/29/4044497934807-1_e.png",
            "cust_identity": "",
            "customer_identity_url": "http://img7x9.ddimg.cn/Community71/25/25/1546071739-reviewimg-9_o.jpg",
            "shop_reply_content": "",
            "audit_reply_content": "",
            "first_reply_content": "",
            "cust_desc": "",
            "detail_link": "http://home.m.dangdang.com/my.php#/commentDetail/product_id=27950877&main_product_id=27950877&product_category=01.43.70.01.00.00&order_id=39304014809&comment_cust_id=299705729&comment_type=0?t=1577540104",
            "cust_link": "http://home.m.dangdang.com/my.php?cust_id=299705729"
        }
    ],
    "comment_list":{
      "errorCode": 0,
      "errorMsg": "success",
      "data": [
          {
              "label_id": "1268",
              "name": "对孩子有帮助",
              "num": 23
          },
          {
              "label_id": "1265",
              "name": "实用",
              "num": 23
          },
          {
              "label_id": "1266",
              "name": "孩子喜欢",
              "num": 10
          },
          {
              "label_id": "1267",
              "name": "图文并茂",
              "num": 10
          },
          {
              "label_id": "1263",
              "name": "同步辅导",
              "num": 11
          },
          {
              "label_id": "1264",
              "name": "内容详细",
              "num": 19
          },
          {
              "label_id": "1262",
              "name": "内容全面",
              "num": 17
          }
      ]
    },
    "deliver": [
      {
          "id": 0,
          "name": "当当发货&售后"
      },
      {
          "id": 2,
          "name": "正品保障"
      },
      {
          "id": 3,
          "name": "支持当当V卡"
      },
      {
          "id": 6,
          "name": "支持使用当当V卡支付"
      },
      {
          "id": 8,
          "name": "支持7日无理由退货"
      }
    ],
    "arriver_info":
      {
          "code": "100",
          "calcMessage": "成功",
          "shipmentType": "1",
          "deliveryDateType": "3",
          "expectedDeliveryDate": "2019-12-30",
          "expressDeliveryTime": "1",
          "delayMessage": "",
          "latestPlaceOrderTime": "2019-12-29 19:15:00",
          "latestPayTime": "2019-12-29 19:25:00",
          "shipName": "普通快递送货上门",
          "dateTime": "2019-12-30 00:00:00",
          "shipword": "明天19:15前下单，预计后天送达",
          "shipping_fee": "运费6元，满49元包邮"
      }
    ,
    "ad_list":
      {
          "callback_url": "http://a.dangdang.com/mobile_cost.php?q=ftu88BD43qDpBBpntnYSw1pG3A6UCn0FFHCyzbJyMaui58evrsvsOvEDPPnnP6DyQR96aq%2Fpd7lt1Vs69NHTtVGTpJP3F8eXI4OAFHRFit0iGe88rL%2FdqEc6ZoGOeHV8KOKC8QDd0cKVqasU1iPeheQzDxA3Rmx1Al%2BHUwvLoXrfY0zAQBKF7QE73vqEgT9r8%2B2XmqJ2sSGZc5YhQ7OjnUFGA0J5dS1xsU%2FfctVnte%2FBPjgVYOcdtDgok5uIjypslr3dJXv%2FOZS32KEDEOTGICvIdqPMVP%2FwljRS0NmYCzdlaQrWRFNGWJB3BxdlOT5iUWxVQD9PR%2Fh2aWDedteKwJuBpaitWy0On7dQQF5Yg5%2BR6KAvp1Idtn5SpKoJfKz4jOwnCnX6bpm4%2FHHDsXlU%2FfPrD0K4ThHnCdygDHpFPnERBJVkuyBgk80X5qkrHQOYhftR6qvj49U6rDnjjZQy%2Frh7yX47PRpSKY21YQJACh8eNIe3abTlZchrWx77W2pJRJY&platform=touch",
          "name": "古文观止 全注全译 新课标散文随笔文学书籍 正版畅销推荐书籍 假一赔百",
          "product_id": 1367898269,
          "label_recommend": false,
          "price": "75.00",
          "market_price": "610.02",
          "is_phone_price": false,
          "ad_id": 2701070,
          "image_url": "http://img3m9.ddimg.cn/23/18/1367898269-1_h_2.jpg",
          "publisher": "线装书局",
          "author_name": "（清）吴楚材 （清）吴调侯",
          "review_count": 503,
          "high_common_rate": "99.8",
          "stars": {
              "full_star": 4,
              "has_half_star": false
          },
          "ebook_price": "",
          "shop_id": 21484,
          "show_dangdangsale": 0,
          "productTags": [
              {
                  "name": "满减",
                  "type": 1,
                  "label_type": "3014"
              }
          ]
      }
}
 
}