{
"errorCode": 0,
"products": [
{
"id": "1545193094",
"trace_id": "product_trace=000000005e0e8b7100ca0615000000005c19c686",
"stock": 1,
"total_review_count": "58",
"score": 5,
"stars": {
"full_star": 5,
"has_half_star": false
},
"name": "【超值爆款】秋冬季宽松2019新款高领仿水貂绒白色加厚雪尼尔打底毛衣女士套头",
"subname": "高领保暖 宽松百搭 柔软舒适",
"authorname": "",
"promotype": null,
"promotion_filt": 0,
"shop_id": "16235",
"price": "197.00",
"dd_sale_price": "197.00",
"exclusive_price": "0.00",
"real_dd_sale_price": "197.00",
"promo_sale_price": "0.00",
"activity_price": "0.00",
"readable": false,
"book_id": 0,
"is_ebook": 0,
"ebook_sub_type1": "0",
"is_has_ebook": null,
"ebook_product_id": null,
"user_behavior": 0,
"stock_desc": "",
"ebook_price": "0.00",
"ebook_dd_price": "0.00",
"cat_paths": "58.64.14.00.00.00",
"high_common_rate": "100.0",
"is_publication": "0",
"publisher": "",
"publish_date": "",
"market_price": 0,
"original_price": "",
"is_overseas": "0",
"activity_type": -1,
"word_highlight_keys": [],
"image_url": "http://img3m4.ddimg.cn/5/19/1545193094-1_h_1.jpg",
"product_url": "http://product.m.dangdang.com/1545193094.html?t=1578011505",
"pre_sale": "0",
"presale_start_date": "1970-01-01 08:00:00",
"presale_end_date": "1970-01-01 08:00:00",
"presale_rank_num": "0",
"add_cart_button_enabled": 1,
"label_type": "",
"label_type_id": null,
"is_catalog_product": "1",
"shop_link_url": "shop://id=16235",
"shop_name": "ANYSHION旗舰店",
"is_yb_product": false,
"discount_icon_title": "",
"exclusive_spare_price": "0.00",
"has_ebook": 0,
"is_wished": "0",
"show_dangdangsale": 0,
"product_tags": [
{
"name": "券",
"type": 1
}
],
"atmosphere_image_180x180": "http://img61.ddimg.cn/promotion/atmosphereImage/20200102104749444_1545193094_2.jpg",
"atmosphere_image_56x56": "http://img61.ddimg.cn/promotion/atmosphereImage/20200102104749444_1545193094_1.jpg"
},
{
"id": "1424170118",
"trace_id": "product_trace=000000005e0e8b7100ca06150000000054e31c86",
"stock": 1,
"total_review_count": "39",
"score": 5,
"stars": {
"full_star": 5,
"has_half_star": false
},
"name": "【双旦狂欢 限时秒杀价 99元】套头毛衣女士秋季新款冬修身毛衫打底百搭上衣长袖慵懒针织衫",
"subname": "【季末大促 双“旦”狂欢】",
"authorname": "",
"promotype": null,
"promotion_filt": 0,
"shop_id": "16475",
"price": "99.00",
"dd_sale_price": "99.00",
"exclusive_price": "0.00",
"real_dd_sale_price": "199.00",
"promo_sale_price": "0.00",
"activity_price": "0.00",
"readable": false,
"book_id": 0,
"is_ebook": 0,
"ebook_sub_type1": "0",
"is_has_ebook": null,
"ebook_product_id": null,
"user_behavior": 0,
"stock_desc": "",
"ebook_price": "0.00",
"ebook_dd_price": "0.00",
"cat_paths": "58.64.14.00.00.00",
"high_common_rate": "100.0",
"is_publication": "0",
"publisher": "",
"publish_date": "",
"market_price": 0,
"original_price": "",
"is_overseas": "0",
"activity_type": -1,
"word_highlight_keys": [],
"image_url": "http://img3m8.ddimg.cn/74/10/1424170118-1_h_2.jpg",
"product_url": "http://product.m.dangdang.com/1424170118.html?t=1578011505",
"pre_sale": "0",
"presale_start_date": "1970-01-01 08:00:00",
"presale_end_date": "1970-01-01 08:00:00",
"presale_rank_num": "0",
"add_cart_button_enabled": 1,
"label_type": "限时抢",
"label_type_id": "promotion:102",
"is_catalog_product": "1",
"shop_link_url": "shop://id=16475",
"shop_name": "拉夏贝尔官方旗舰店",
"is_yb_product": false,
"discount_icon_title": "",
"exclusive_spare_price": "0.00",
"has_ebook": 0,
"is_wished": "0",
"show_dangdangsale": 0,
"product_tags": [
{
"name": "券",
"type": 1
},
{
"name": "限时抢",
"type": 1
}
]
},
{
"id": "1551909362",
"trace_id": "product_trace=000000005e0e8b7100ca0615000000005c8041f2",
"stock": 1,
"total_review_count": "124",
"score": 5,
"stars": {
"full_star": 5,
"has_half_star": false
},
"name": "【今日必抢】百搭毛衣女冬新款百搭冬季学生上衣宽松绣花短款套头半高领针织衫毛衣",
"subname": "",
"authorname": "",
"promotype": null,
"promotion_filt": 0,
"shop_id": "17517",
"price": "79.90",
"dd_sale_price": "79.90",
"exclusive_price": "0.00",
"real_dd_sale_price": "79.90",
"promo_sale_price": "0.00",
"activity_price": "0.00",
"readable": false,
"book_id": 0,
"is_ebook": 0,
"ebook_sub_type1": "0",
"is_has_ebook": null,
"ebook_product_id": null,
"user_behavior": 0,
"stock_desc": "",
"ebook_price": "0.00",
"ebook_dd_price": "0.00",
"cat_paths": "58.64.14.00.00.00",
"high_common_rate": "99.0",
"is_publication": "0",
"publisher": "",
"publish_date": "",
"market_price": 0,
"original_price": "",
"is_overseas": "0",
"activity_type": -1,
"word_highlight_keys": [],
"image_url": "http://img3m2.ddimg.cn/14/10/1551909362-1_h_2.jpg",
"product_url": "http://product.m.dangdang.com/1551909362.html?t=1578011505",
"pre_sale": "0",
"presale_start_date": "1970-01-01 08:00:00",
"presale_end_date": "1970-01-01 08:00:00",
"presale_rank_num": "0",
"add_cart_button_enabled": 1,
"label_type": "",
"label_type_id": null,
"is_catalog_product": "1",
"shop_link_url": "shop://id=17517",
"shop_name": "AGECENTRE旗舰店",
"is_yb_product": false,
"discount_icon_title": "",
"exclusive_spare_price": "0.00",
"has_ebook": 0,
"is_wished": "0",
"show_dangdangsale": 0,
"product_tags": [
{
"name": "满49-30",
"type": 1
}
]
},
{
"id": "1551908392",
"trace_id": "product_trace=000000005e0e8b7100ca0615000000005c803e28",
"stock": 1,
"total_review_count": "114",
"score": 5,
"stars": {
"full_star": 5,
"has_half_star": false
},
"name": "【爆款百搭毛衣】百搭毛衣女冬新款百搭冬季学生上衣宽松绣花短款套头半高领针织衫",
"subname": "季末清仓 限时抢购",
"authorname": "",
"promotype": null,
"promotion_filt": 0,
"shop_id": "17517",
"price": "79.90",
"dd_sale_price": "79.90",
"exclusive_price": "0.00",
"real_dd_sale_price": "79.90",
"promo_sale_price": "0.00",
"activity_price": "0.00",
"readable": false,
"book_id": 0,
"is_ebook": 0,
"ebook_sub_type1": "0",
"is_has_ebook": null,
"ebook_product_id": null,
"user_behavior": 0,
"stock_desc": "",
"ebook_price": "0.00",
"ebook_dd_price": "0.00",
"cat_paths": "58.64.14.00.00.00",
"high_common_rate": "98.0",
"is_publication": "0",
"publisher": "",
"publish_date": "",
"market_price": 0,
"original_price": "",
"is_overseas": "0",
"activity_type": -1,
"word_highlight_keys": [],
"image_url": "http://img3m2.ddimg.cn/34/2/1551908392-1_h_4.jpg",
"product_url": "http://product.m.dangdang.com/1551908392.html?t=1578011505",
"pre_sale": "0",
"presale_start_date": "1970-01-01 08:00:00",
"presale_end_date": "1970-01-01 08:00:00",
"presale_rank_num": "0",
"add_cart_button_enabled": 1,
"label_type": "",
"label_type_id": null,
"is_catalog_product": "1",
"shop_link_url": "shop://id=17517",
"shop_name": "AGECENTRE旗舰店",
"is_yb_product": false,
"discount_icon_title": "",
"exclusive_spare_price": "0.00",
"has_ebook": 0,
"is_wished": "0",
"show_dangdangsale": 0,
"product_tags": [
{
"name": "满49-30",
"type": 1
}
]
},
{
"id": "1541899194",
"trace_id": "product_trace=000000005e0e8b7100ca0615000000005be783ba",
"stock": 1,
"total_review_count": "115",
"score": 5,
"stars": {
"full_star": 5,
"has_half_star": false
},
"name": "【爆款力荐】仿水貂绒粗线高领毛衣女秋冬2019新款潮宽松外穿慵懒风马卡龙针织衫",
"subname": "双股加厚更保暖. 宽松百搭. 柔软舒适",
"authorname": "",
"promotype": null,
"promotion_filt": 0,
"shop_id": "16235",
"price": "197.00",
"dd_sale_price": "197.00",
"exclusive_price": "0.00",
"real_dd_sale_price": "197.00",
"promo_sale_price": "0.00",
"activity_price": "0.00",
"readable": false,
"book_id": 0,
"is_ebook": 0,
"ebook_sub_type1": "0",
"is_has_ebook": null,
"ebook_product_id": null,
"user_behavior": 0,
"stock_desc": "",
"ebook_price": "0.00",
"ebook_dd_price": "0.00",
"cat_paths": "58.64.14.00.00.00",
"high_common_rate": "99.0",
"is_publication": "0",
"publisher": "",
"publish_date": "",
"market_price": 0,
"original_price": "",
"is_overseas": "0",
"activity_type": -1,
"word_highlight_keys": [],
"image_url": "http://img3m4.ddimg.cn/33/7/1541899194-1_h_1.jpg",
"product_url": "http://product.m.dangdang.com/1541899194.html?t=1578011505",
"pre_sale": "0",
"presale_start_date": "1970-01-01 08:00:00",
"presale_end_date": "1970-01-01 08:00:00",
"presale_rank_num": "0",
"add_cart_button_enabled": 1,
"label_type": "",
"label_type_id": null,
"is_catalog_product": "1",
"shop_link_url": "shop://id=16235",
"shop_name": "ANYSHION旗舰店",
"is_yb_product": false,
"discount_icon_title": "",
"exclusive_spare_price": "0.00",
"has_ebook": 0,
"is_wished": "0",
"show_dangdangsale": 0,
"product_tags": [
{
"name": "券",
"type": 1
},
{
"name": "拼团",
"type": 1
}
],
"atmosphere_image_180x180": "http://img61.ddimg.cn/promotion/atmosphereImage/20200102104749444_1541899194_2.jpg",
"atmosphere_image_56x56": "http://img61.ddimg.cn/promotion/atmosphereImage/20200102104749444_1541899194_1.jpg"
},
{
"id": "1545159494",
"trace_id": "product_trace=000000005e0e8b7100ca0615000000005c194346",
"stock": 1,
"total_review_count": "93",
"score": 5,
"stars": {
"full_star": 5,
"has_half_star": false
},
"name": "【限量抢购】中长款过膝毛衣女裙秋装2019年新款女装宽松针织打底衫秋冬外穿潮",
"subname": "优质包芯纱面料 不起球 不掉色 不挑身材！",
"authorname": "",
"promotype": null,
"promotion_filt": 0,
"shop_id": "16235",
"price": "199.00",
"dd_sale_price": "199.00",
"exclusive_price": "0.00",
"real_dd_sale_price": "199.00",
"promo_sale_price": "0.00",
"activity_price": "0.00",
"readable": false,
"book_id": 0,
"is_ebook": 0,
"ebook_sub_type1": "0",
"is_has_ebook": null,
"ebook_product_id": null,
"user_behavior": 0,
"stock_desc": "",
"ebook_price": "0.00",
"ebook_dd_price": "0.00",
"cat_paths": "58.64.14.00.00.00",
"high_common_rate": "100.0",
"is_publication": "0",
"publisher": "",
"publish_date": "",
"market_price": 0,
"original_price": "",
"is_overseas": "0",
"activity_type": -1,
"word_highlight_keys": [],
"image_url": "http://img3m4.ddimg.cn/65/15/1545159494-1_h_1.jpg",
"product_url": "http://product.m.dangdang.com/1545159494.html?t=1578011505",
"pre_sale": "0",
"presale_start_date": "1970-01-01 08:00:00",
"presale_end_date": "1970-01-01 08:00:00",
"presale_rank_num": "0",
"add_cart_button_enabled": 1,
"label_type": "",
"label_type_id": null,
"is_catalog_product": "1",
"shop_link_url": "shop://id=16235",
"shop_name": "ANYSHION旗舰店",
"is_yb_product": false,
"discount_icon_title": "",
"exclusive_spare_price": "0.00",
"has_ebook": 0,
"is_wished": "0",
"show_dangdangsale": 0,
"product_tags": [
{
"name": "券",
"type": 1
}
],
"atmosphere_image_180x180": "http://img61.ddimg.cn/promotion/atmosphereImage/20200102104749444_1545159494_2.jpg",
"atmosphere_image_56x56": "http://img61.ddimg.cn/promotion/atmosphereImage/20200102104749444_1545159494_1.jpg"
},
{
"id": "1552475202",
"trace_id": "product_trace=000000005e0e8b7100ca0615000000005c88e442",
"stock": 1,
"total_review_count": "227",
"score": 5,
"stars": {
"full_star": 5,
"has_half_star": false
},
"name": "【今日必抢】半高领毛衣女冬短款甜美打底针织衫新款套头韩版宽松外穿",
"subname": "",
"authorname": "",
"promotype": null,
"promotion_filt": 0,
"shop_id": "17517",
"price": "79.90",
"dd_sale_price": "79.90",
"exclusive_price": "0.00",
"real_dd_sale_price": "79.90",
"promo_sale_price": "0.00",
"activity_price": "0.00",
"readable": false,
"book_id": 0,
"is_ebook": 0,
"ebook_sub_type1": "0",
"is_has_ebook": null,
"ebook_product_id": null,
"user_behavior": 0,
"stock_desc": "",
"ebook_price": "0.00",
"ebook_dd_price": "0.00",
"cat_paths": "58.64.14.00.00.00",
"high_common_rate": "99.0",
"is_publication": "0",
"publisher": "",
"publish_date": "",
"market_price": 0,
"original_price": "",
"is_overseas": "0",
"activity_type": -1,
"word_highlight_keys": [],
"image_url": "http://img3m2.ddimg.cn/69/9/1552475202-1_h_5.jpg",
"product_url": "http://product.m.dangdang.com/1552475202.html?t=1578011505",
"pre_sale": "0",
"presale_start_date": "1970-01-01 08:00:00",
"presale_end_date": "1970-01-01 08:00:00",
"presale_rank_num": "0",
"add_cart_button_enabled": 1,
"label_type": "",
"label_type_id": null,
"is_catalog_product": "1",
"shop_link_url": "shop://id=17517",
"shop_name": "AGECENTRE旗舰店",
"is_yb_product": false,
"discount_icon_title": "",
"exclusive_spare_price": "0.00",
"has_ebook": 0,
"is_wished": "0",
"show_dangdangsale": 0,
"product_tags": [
{
"name": "满49-30",
"type": 1
}
]
},
{
"id": "1541897224",
"trace_id": "product_trace=000000005e0e8b7100ca0615000000005be77c08",
"stock": 1,
"total_review_count": "104",
"score": 5,
"stars": {
"full_star": 5,
"has_half_star": false
},
"name": "【火爆开抢】仿水貂绒高领毛衣女秋冬2019新款宽松慵懒套头加厚雪尼尔打底针织衫",
"subname": "百搭版型 不挑身材 打底外穿任何场合都合适",
"authorname": "",
"promotype": null,
"promotion_filt": 0,
"shop_id": "16235",
"price": "197.00",
"dd_sale_price": "197.00",
"exclusive_price": "0.00",
"real_dd_sale_price": "197.00",
"promo_sale_price": "0.00",
"activity_price": "0.00",
"readable": false,
"book_id": 0,
"is_ebook": 0,
"ebook_sub_type1": "0",
"is_has_ebook": null,
"ebook_product_id": null,
"user_behavior": 0,
"stock_desc": "",
"ebook_price": "0.00",
"ebook_dd_price": "0.00",
"cat_paths": "58.64.14.00.00.00",
"high_common_rate": "99.0",
"is_publication": "0",
"publisher": "",
"publish_date": "",
"market_price": 0,
"original_price": "",
"is_overseas": "0",
"activity_type": -1,
"word_highlight_keys": [],
"image_url": "http://img3m4.ddimg.cn/43/35/1541897224-1_h_1.jpg",
"product_url": "http://product.m.dangdang.com/1541897224.html?t=1578011505",
"pre_sale": "0",
"presale_start_date": "1970-01-01 08:00:00",
"presale_end_date": "1970-01-01 08:00:00",
"presale_rank_num": "0",
"add_cart_button_enabled": 1,
"label_type": "",
"label_type_id": null,
"is_catalog_product": "1",
"shop_link_url": "shop://id=16235",
"shop_name": "ANYSHION旗舰店",
"is_yb_product": false,
"discount_icon_title": "",
"exclusive_spare_price": "0.00",
"has_ebook": 0,
"is_wished": "0",
"show_dangdangsale": 0,
"product_tags": [
{
"name": "券",
"type": 1
},
{
"name": "拼团",
"type": 1
}
],
"atmosphere_image_180x180": "http://img61.ddimg.cn/promotion/atmosphereImage/20200102104749444_1541897224_2.jpg",
"atmosphere_image_56x56": "http://img61.ddimg.cn/promotion/atmosphereImage/20200102104749444_1541897224_1.jpg"
},
{
"id": "1144028888",
"trace_id": "product_trace=000000005e0e8b7100ca06150000000044307ed8",
"stock": 1,
"total_review_count": "464",
"score": 5,
"stars": {
"full_star": 5,
"has_half_star": false
},
"name": "[1-2号2件2折价:140]【商场同款】伊芙丽毛针织衫1189130191",
"subname": "1件3折 3件2折款,叠加满399-20 699-40 1299-80",
"authorname": "",
"promotype": null,
"promotion_filt": 0,
"shop_id": "21606",
"price": "698.00",
"dd_sale_price": "698.00",
"exclusive_price": "0.00",
"real_dd_sale_price": "698.00",
"promo_sale_price": "0.00",
"activity_price": "0.00",
"readable": false,
"book_id": 0,
"is_ebook": 0,
"ebook_sub_type1": "0",
"is_has_ebook": null,
"ebook_product_id": null,
"user_behavior": 0,
"stock_desc": "",
"ebook_price": "0.00",
"ebook_dd_price": "0.00",
"cat_paths": "58.64.14.00.00.00",
"high_common_rate": "100.0",
"is_publication": "0",
"publisher": "",
"publish_date": "",
"market_price": 0,
"original_price": "",
"is_overseas": "0",
"activity_type": -1,
"word_highlight_keys": [],
"image_url": "http://img3m8.ddimg.cn/35/25/1144028888-1_h_1.jpg",
"product_url": "http://product.m.dangdang.com/1144028888.html?t=1578011505",
"pre_sale": "0",
"presale_start_date": "1970-01-01 08:00:00",
"presale_end_date": "1970-01-01 08:00:00",
"presale_rank_num": "0",
"add_cart_button_enabled": 1,
"label_type": "",
"label_type_id": null,
"is_catalog_product": "1",
"shop_link_url": "shop://id=21606",
"shop_name": "伊芙丽官方旗舰店",
"is_yb_product": false,
"discount_icon_title": "",
"exclusive_spare_price": "0.00",
"has_ebook": 0,
"is_wished": "0",
"show_dangdangsale": 0,
"product_tags": []
},
{
"id": "1533413659",
"trace_id": "product_trace=000000005e0e8b7100ca0615000000005b66091b",
"stock": 1,
"total_review_count": "62",
"score": 5,
"stars": {
"full_star": 5,
"has_half_star": false
},
"name": "【1件3折120元领券再减150】韩都衣舍2019秋新款毛衣女宽松外穿套头上衣长袖毛针织衫PV9169",
"subname": "",
"authorname": "",
"promotype": null,
"promotion_filt": 0,
"shop_id": "21870",
"price": "398.00",
"dd_sale_price": "398.00",
"exclusive_price": "0.00",
"real_dd_sale_price": "398.00",
"promo_sale_price": "0.00",
"activity_price": "0.00",
"readable": false,
"book_id": 0,
"is_ebook": 0,
"ebook_sub_type1": "0",
"is_has_ebook": null,
"ebook_product_id": null,
"user_behavior": 0,
"stock_desc": "",
"ebook_price": "0.00",
"ebook_dd_price": "0.00",
"cat_paths": "58.64.14.00.00.00",
"high_common_rate": "100.0",
"is_publication": "0",
"publisher": "",
"publish_date": "",
"market_price": 0,
"original_price": "",
"is_overseas": "0",
"activity_type": -1,
"word_highlight_keys": [],
"image_url": "http://img3m9.ddimg.cn/85/15/1533413659-1_h_1.jpg",
"product_url": "http://product.m.dangdang.com/1533413659.html?t=1578011505",
"pre_sale": "0",
"presale_start_date": "1970-01-01 08:00:00",
"presale_end_date": "1970-01-01 08:00:00",
"presale_rank_num": "0",
"add_cart_button_enabled": 1,
"label_type": "满N件折",
"label_type_id": "promotion:207",
"is_catalog_product": "1",
"shop_link_url": "shop://id=21870",
"shop_name": "韩都衣舍旗舰店",
"is_yb_product": false,
"discount_icon_title": "",
"exclusive_spare_price": "0.00",
"has_ebook": 0,
"is_wished": "0",
"show_dangdangsale": 0,
"product_tags": [
{
"name": "券",
"type": 1
},
{
"name": "满1件3折",
"type": 1
}
]
}
],
"support_shop_tmp": 1,
"correction_prompt": "",
"coupon_info": "",
"page": {
"total": "847",
"pagecount": "85",
"pageindex": "3",
"pagesize": "10",
"webtemplate": "CLOTH_TEMPLATE",
"showcase": "window",
"waterfall": 0
},
"none_result_enabled": 0,
"less_result_enabled": 0,
"permanent_id": null,
"banner": [],
"posters": []
}