{
  "errorCode": 0,
  "bb": [
  {
  "id": "1576056824",
  "trace_id": "product_trace=000000005e0ea62d00c83b8c000000005df0b7f8",
  "stock": 1,
  "total_review_count": "32",
  "score": 5,
  "stars": {
  "full_star": 5,
  "has_half_star": false
  },
  "name": "【必抢榜单】中长款仿水貂绒加厚毛衣女宽松外穿2019秋冬新款套头洋气针织衫",
  "subname": "柔软舒适 不掉毛 不起球",
  "authorname": "",
  "promotype": null,
  "promotion_filt": 0,
  "shop_id": "16235",
  "price": "199.00",
  "dd_sale_price": "199.00",
  "exclusive_price": "0.00",
  "real_dd_sale_price": "199.00",
  "promo_sale_price": "0.00",
  "activity_price": "0.00",
  "readable": false,
  "book_id": 0,
  "is_ebook": 0,
  "ebook_sub_type1": "0",
  "is_has_ebook": null,
  "ebook_product_id": null,
  "user_behavior": 0,
  "stock_desc": "",
  "ebook_price": "0.00",
  "ebook_dd_price": "0.00",
  "cat_paths": "58.64.14.00.00.00",
  "high_common_rate": "100.0",
  "is_publication": "0",
  "publisher": "",
  "publish_date": "",
  "market_price": 0,
  "original_price": "",
  "is_overseas": "0",
  "activity_type": -1,
  "word_highlight_keys": [],
  "image_url": "http://img3m4.ddimg.cn/89/14/1576056824-1_h_1.jpg",
  "product_url": "http://product.m.dangdang.com/1576056824.html?t=1578018349",
  "pre_sale": "0",
  "presale_start_date": "1970-01-01 08:00:00",
  "presale_end_date": "1970-01-01 08:00:00",
  "presale_rank_num": "0",
  "add_cart_button_enabled": 1,
  "label_type": "",
  "label_type_id": null,
  "is_catalog_product": "1",
  "shop_link_url": "shop://id=16235",
  "shop_name": "ANYSHION旗舰店",
  "is_yb_product": false,
  "discount_icon_title": "",
  "exclusive_spare_price": "0.00",
  "has_ebook": 0,
  "is_wished": "0",
  "show_dangdangsale": 0,
  "product_tags": [
  {
  "name": "券",
  "type": 1
  }
  ],
  "atmosphere_image_180x180": "http://img61.ddimg.cn/promotion/atmosphereImage/20200102104749444_1576056824_2.jpg",
  "atmosphere_image_56x56": "http://img61.ddimg.cn/promotion/atmosphereImage/20200102104749444_1576056824_1.jpg"
  },
  {
  "id": "1539952234",
  "trace_id": "product_trace=000000005e0ea62d00c83b8c000000005bc9ce6a",
  "stock": 1,
  "total_review_count": "26",
  "score": 5,
  "stars": {
  "full_star": 5,
  "has_half_star": false
  },
  "name": "【下单立减130元 仅限今日】半高领长袖针织打底衫女秋冬新款2019内搭宽松毛衣套头洋气上衣线",
  "subname": "穿出气质美 展现优美身段，不挑年龄 肤色",
  "authorname": "",
  "promotype": null,
  "promotion_filt": 0,
  "shop_id": "16235",
  "price": "179.00",
  "dd_sale_price": "179.00",
  "exclusive_price": "0.00",
  "real_dd_sale_price": "179.00",
  "promo_sale_price": "0.00",
  "activity_price": "0.00",
  "readable": false,
  "book_id": 0,
  "is_ebook": 0,
  "ebook_sub_type1": "0",
  "is_has_ebook": null,
  "ebook_product_id": null,
  "user_behavior": 0,
  "stock_desc": "",
  "ebook_price": "0.00",
  "ebook_dd_price": "0.00",
  "cat_paths": "58.64.14.00.00.00",
  "high_common_rate": "100.0",
  "is_publication": "0",
  "publisher": "",
  "publish_date": "",
  "market_price": 0,
  "original_price": "",
  "is_overseas": "0",
  "activity_type": -1,
  "word_highlight_keys": [],
  "image_url": "http://img3m4.ddimg.cn/7/24/1539952234-1_h_1.jpg",
  "product_url": "http://product.m.dangdang.com/1539952234.html?t=1578018349",
  "pre_sale": "0",
  "presale_start_date": "1970-01-01 08:00:00",
  "presale_end_date": "1970-01-01 08:00:00",
  "presale_rank_num": "0",
  "add_cart_button_enabled": 1,
  "label_type": "",
  "label_type_id": null,
  "is_catalog_product": "1",
  "shop_link_url": "shop://id=16235",
  "shop_name": "ANYSHION旗舰店",
  "is_yb_product": false,
  "discount_icon_title": "",
  "exclusive_spare_price": "0.00",
  "has_ebook": 0,
  "is_wished": "0",
  "show_dangdangsale": 0,
  "product_tags": [
  {
  "name": "券",
  "type": 1
  },
  {
  "name": "拼团",
  "type": 1
  }
  ],
  "atmosphere_image_180x180": "http://img61.ddimg.cn/promotion/atmosphereImage/20200102104749444_1539952234_2.jpg",
  "atmosphere_image_56x56": "http://img61.ddimg.cn/promotion/atmosphereImage/20200102104749444_1539952234_1.jpg"
  },
  {
  "id": "1517778149",
  "trace_id": "product_trace=000000005e0ea62d00c83b8c000000005a7774e5",
  "stock": 1,
  "total_review_count": "46",
  "score": 5,
  "stars": {
  "full_star": 5,
  "has_half_star": false
  },
  "name": "【1件3折135元领券再减150】韩都衣舍2019春装新款女装韩版宽松假两件毛衣针织衫ONH8107煜",
  "subname": "",
  "authorname": "",
  "promotype": null,
  "promotion_filt": 0,
  "shop_id": "21870",
  "price": "447.00",
  "dd_sale_price": "447.00",
  "exclusive_price": "0.00",
  "real_dd_sale_price": "447.00",
  "promo_sale_price": "0.00",
  "activity_price": "0.00",
  "readable": false,
  "book_id": 0,
  "is_ebook": 0,
  "ebook_sub_type1": "0",
  "is_has_ebook": null,
  "ebook_product_id": null,
  "user_behavior": 0,
  "stock_desc": "",
  "ebook_price": "0.00",
  "ebook_dd_price": "0.00",
  "cat_paths": "58.64.14.00.00.00",
  "high_common_rate": "100.0",
  "is_publication": "0",
  "publisher": "",
  "publish_date": "",
  "market_price": 0,
  "original_price": "",
  "is_overseas": "0",
  "activity_type": -1,
  "word_highlight_keys": [],
  "image_url": "http://img3m9.ddimg.cn/41/2/1517778149-1_h_2.jpg",
  "product_url": "http://product.m.dangdang.com/1517778149.html?t=1578018349",
  "pre_sale": "0",
  "presale_start_date": "1970-01-01 08:00:00",
  "presale_end_date": "1970-01-01 08:00:00",
  "presale_rank_num": "0",
  "add_cart_button_enabled": 1,
  "label_type": "满N件折",
  "label_type_id": "promotion:207",
  "is_catalog_product": "1",
  "shop_link_url": "shop://id=21870",
  "shop_name": "韩都衣舍旗舰店",
  "is_yb_product": false,
  "discount_icon_title": "",
  "exclusive_spare_price": "0.00",
  "has_ebook": 0,
  "is_wished": "0",
  "show_dangdangsale": 0,
  "product_tags": [
  {
  "name": "券",
  "type": 1
  },
  {
  "name": "满1件3折",
  "type": 1
  }
  ]
  },
  {
  "id": "1533409409",
  "trace_id": "product_trace=000000005e0ea62d00c83b8c000000005b65f881",
  "stock": 1,
  "total_review_count": "55",
  "score": 5,
  "stars": {
  "full_star": 5,
  "has_half_star": false
  },
  "name": "【1件3折139元领券再减150】韩都衣舍2019秋装新款韩版女装宽松纯色套头毛衣针织衫GW10633煜",
  "subname": "",
  "authorname": "",
  "promotype": null,
  "promotion_filt": 0,
  "shop_id": "21870",
  "price": "461.00",
  "dd_sale_price": "461.00",
  "exclusive_price": "0.00",
  "real_dd_sale_price": "461.00",
  "promo_sale_price": "0.00",
  "activity_price": "0.00",
  "readable": false,
  "book_id": 0,
  "is_ebook": 0,
  "ebook_sub_type1": "0",
  "is_has_ebook": null,
  "ebook_product_id": null,
  "user_behavior": 0,
  "stock_desc": "",
  "ebook_price": "0.00",
  "ebook_dd_price": "0.00",
  "cat_paths": "58.64.14.00.00.00",
  "high_common_rate": "100.0",
  "is_publication": "0",
  "publisher": "",
  "publish_date": "",
  "market_price": 0,
  "original_price": "",
  "is_overseas": "0",
  "activity_type": -1,
  "word_highlight_keys": [],
  "image_url": "http://img3m9.ddimg.cn/92/20/1533409409-1_h_1.jpg",
  "product_url": "http://product.m.dangdang.com/1533409409.html?t=1578018349",
  "pre_sale": "0",
  "presale_start_date": "1970-01-01 08:00:00",
  "presale_end_date": "1970-01-01 08:00:00",
  "presale_rank_num": "0",
  "add_cart_button_enabled": 1,
  "label_type": "满N件折",
  "label_type_id": "promotion:207",
  "is_catalog_product": "1",
  "shop_link_url": "shop://id=21870",
  "shop_name": "韩都衣舍旗舰店",
  "is_yb_product": false,
  "discount_icon_title": "",
  "exclusive_spare_price": "0.00",
  "has_ebook": 0,
  "is_wished": "0",
  "show_dangdangsale": 0,
  "product_tags": [
  {
  "name": "券",
  "type": 1
  },
  {
  "name": "满1件3折",
  "type": 1
  }
  ]
  },
  {
  "id": "1045748667",
  "trace_id": "product_trace=000000005e0ea62d00c83b8c000000003e54dbbb",
  "stock": 1,
  "total_review_count": "69",
  "score": 5,
  "stars": {
  "full_star": 5,
  "has_half_star": false
  },
  "name": "【1.5折价50.85元】唐狮春装毛衣女高领粗针净色中长款韩版休闲宽松女毛衫",
  "subname": "特卖清仓",
  "authorname": "",
  "promotype": null,
  "promotion_filt": 0,
  "shop_id": "5372",
  "price": "338.00",
  "dd_sale_price": "338.00",
  "exclusive_price": "0.00",
  "real_dd_sale_price": "338.00",
  "promo_sale_price": "0.00",
  "activity_price": "0.00",
  "readable": false,
  "book_id": 0,
  "is_ebook": 0,
  "ebook_sub_type1": "0",
  "is_has_ebook": null,
  "ebook_product_id": null,
  "user_behavior": 0,
  "stock_desc": "",
  "ebook_price": "0.00",
  "ebook_dd_price": "0.00",
  "cat_paths": "58.64.14.00.00.00",
  "high_common_rate": "100.0",
  "is_publication": "0",
  "publisher": "",
  "publish_date": "",
  "market_price": 0,
  "original_price": "",
  "is_overseas": "0",
  "activity_type": -1,
  "word_highlight_keys": [],
  "image_url": "http://img3m7.ddimg.cn/84/18/1045748667-1_h_1.jpg",
  "product_url": "http://product.m.dangdang.com/1045748667.html?t=1578018349",
  "pre_sale": "0",
  "presale_start_date": "1970-01-01 08:00:00",
  "presale_end_date": "1970-01-01 08:00:00",
  "presale_rank_num": "0",
  "add_cart_button_enabled": 1,
  "label_type": "满N件折",
  "label_type_id": "promotion:207",
  "is_catalog_product": "1",
  "shop_link_url": "shop://id=5372",
  "shop_name": "唐狮官方旗舰店",
  "is_yb_product": false,
  "discount_icon_title": "",
  "exclusive_spare_price": "0.00",
  "has_ebook": 0,
  "is_wished": "0",
  "show_dangdangsale": 0,
  "product_tags": [
  {
  "name": "满2件1.5折",
  "type": 1
  }
  ]
  },
  {
  "id": "1431052118",
  "trace_id": "product_trace=000000005e0ea62d00c83b8c00000000554c1f56",
  "stock": 1,
  "total_review_count": "48",
  "score": 5,
  "stars": {
  "full_star": 5,
  "has_half_star": false
  },
  "name": "森马半高领毛衣女冬季2019新款落肩长袖套头针织衫不规则贴布绣字",
  "subname": "",
  "authorname": "",
  "promotype": null,
  "promotion_filt": 0,
  "shop_id": "8525",
  "price": "249.00",
  "dd_sale_price": "249.00",
  "exclusive_price": "0.00",
  "real_dd_sale_price": "249.00",
  "promo_sale_price": "0.00",
  "activity_price": "0.00",
  "readable": false,
  "book_id": 0,
  "is_ebook": 0,
  "ebook_sub_type1": "0",
  "is_has_ebook": null,
  "ebook_product_id": null,
  "user_behavior": 0,
  "stock_desc": "",
  "ebook_price": "0.00",
  "ebook_dd_price": "0.00",
  "cat_paths": "58.64.14.00.00.00",
  "high_common_rate": "96.0",
  "is_publication": "0",
  "publisher": "",
  "publish_date": "",
  "market_price": 0,
  "original_price": "",
  "is_overseas": "0",
  "activity_type": -1,
  "word_highlight_keys": [],
  "image_url": "http://img3m8.ddimg.cn/89/10/1431052118-1_h_3.jpg",
  "product_url": "http://product.m.dangdang.com/1431052118.html?t=1578018349",
  "pre_sale": "0",
  "presale_start_date": "1970-01-01 08:00:00",
  "presale_end_date": "1970-01-01 08:00:00",
  "presale_rank_num": "0",
  "add_cart_button_enabled": 1,
  "label_type": "",
  "label_type_id": null,
  "is_catalog_product": "1",
  "shop_link_url": "shop://id=8525",
  "shop_name": "森马官方旗舰店",
  "is_yb_product": false,
  "discount_icon_title": "",
  "exclusive_spare_price": "0.00",
  "has_ebook": 0,
  "is_wished": "0",
  "show_dangdangsale": 0,
  "product_tags": [
  {
  "name": "满200-100",
  "type": 1
  }
  ]
  },
  {
  "id": "1430997018",
  "trace_id": "product_trace=000000005e0ea62d00c83b8c00000000554b481a",
  "stock": 1,
  "total_review_count": "47",
  "score": 5,
  "stars": {
  "full_star": 5,
  "has_half_star": false
  },
  "name": "森马半高领毛衣女春季2019新款外套宽松复古套头针织衫chic上衣潮",
  "subname": "",
  "authorname": "",
  "promotype": null,
  "promotion_filt": 0,
  "shop_id": "8525",
  "price": "219.00",
  "dd_sale_price": "219.00",
  "exclusive_price": "0.00",
  "real_dd_sale_price": "219.00",
  "promo_sale_price": "0.00",
  "activity_price": "0.00",
  "readable": false,
  "book_id": 0,
  "is_ebook": 0,
  "ebook_sub_type1": "0",
  "is_has_ebook": null,
  "ebook_product_id": null,
  "user_behavior": 0,
  "stock_desc": "",
  "ebook_price": "0.00",
  "ebook_dd_price": "0.00",
  "cat_paths": "58.64.14.00.00.00",
  "high_common_rate": "100.0",
  "is_publication": "0",
  "publisher": "",
  "publish_date": "",
  "market_price": 0,
  "original_price": "",
  "is_overseas": "0",
  "activity_type": -1,
  "word_highlight_keys": [],
  "image_url": "http://img3m8.ddimg.cn/33/3/1430997018-1_h_2.jpg",
  "product_url": "http://product.m.dangdang.com/1430997018.html?t=1578018349",
  "pre_sale": "0",
  "presale_start_date": "1970-01-01 08:00:00",
  "presale_end_date": "1970-01-01 08:00:00",
  "presale_rank_num": "0",
  "add_cart_button_enabled": 1,
  "label_type": "",
  "label_type_id": null,
  "is_catalog_product": "1",
  "shop_link_url": "shop://id=8525",
  "shop_name": "森马官方旗舰店",
  "is_yb_product": false,
  "discount_icon_title": "",
  "exclusive_spare_price": "0.00",
  "has_ebook": 0,
  "is_wished": "0",
  "show_dangdangsale": 0,
  "product_tags": [
  {
  "name": "满200-100",
  "type": 1
  }
  ]
  },
  {
  "id": "1418798718",
  "trace_id": "product_trace=000000005e0ea62d00c83b8c000000005491267e",
  "stock": 1,
  "total_review_count": "55",
  "score": 5,
  "stars": {
  "full_star": 5,
  "has_half_star": false
  },
  "name": "【双旦狂欢 限时秒杀价 134元】Puella针织衫女长袖新款秋季圆领修身套头薄款打底毛衣上衣女",
  "subname": "【季末大促 双“旦”狂欢】",
  "authorname": "",
  "promotype": null,
  "promotion_filt": 0,
  "shop_id": "16475",
  "price": "134.00",
  "dd_sale_price": "134.00",
  "exclusive_price": "0.00",
  "real_dd_sale_price": "269.00",
  "promo_sale_price": "0.00",
  "activity_price": "0.00",
  "readable": false,
  "book_id": 0,
  "is_ebook": 0,
  "ebook_sub_type1": "0",
  "is_has_ebook": null,
  "ebook_product_id": null,
  "user_behavior": 0,
  "stock_desc": "",
  "ebook_price": "0.00",
  "ebook_dd_price": "0.00",
  "cat_paths": "58.64.14.00.00.00",
  "high_common_rate": "100.0",
  "is_publication": "0",
  "publisher": "",
  "publish_date": "",
  "market_price": 0,
  "original_price": "",
  "is_overseas": "0",
  "activity_type": -1,
  "word_highlight_keys": [],
  "image_url": "http://img3m8.ddimg.cn/18/11/1418798718-1_h_2.jpg",
  "product_url": "http://product.m.dangdang.com/1418798718.html?t=1578018349",
  "pre_sale": "0",
  "presale_start_date": "1970-01-01 08:00:00",
  "presale_end_date": "1970-01-01 08:00:00",
  "presale_rank_num": "0",
  "add_cart_button_enabled": 1,
  "label_type": "限时抢",
  "label_type_id": "promotion:102",
  "is_catalog_product": "1",
  "shop_link_url": "shop://id=16475",
  "shop_name": "拉夏贝尔官方旗舰店",
  "is_yb_product": false,
  "discount_icon_title": "",
  "exclusive_spare_price": "0.00",
  "has_ebook": 0,
  "is_wished": "0",
  "show_dangdangsale": 0,
  "product_tags": [
  {
  "name": "券",
  "type": 1
  },
  {
  "name": "限时抢",
  "type": 1
  }
  ]
  },
  {
  "id": "1430939918",
  "trace_id": "product_trace=000000005e0ea62d00c83b8c00000000554a690e",
  "stock": 1,
  "total_review_count": "22",
  "score": 5,
  "stars": {
  "full_star": 5,
  "has_half_star": false
  },
  "name": "森马毛衣女冬季新款圆领套头学生宽松显瘦圆领短款甜美针织衫",
  "subname": "",
  "authorname": "",
  "promotype": null,
  "promotion_filt": 0,
  "shop_id": "8525",
  "price": "254.00",
  "dd_sale_price": "254.00",
  "exclusive_price": "0.00",
  "real_dd_sale_price": "254.00",
  "promo_sale_price": "0.00",
  "activity_price": "0.00",
  "readable": false,
  "book_id": 0,
  "is_ebook": 0,
  "ebook_sub_type1": "0",
  "is_has_ebook": null,
  "ebook_product_id": null,
  "user_behavior": 0,
  "stock_desc": "",
  "ebook_price": "0.00",
  "ebook_dd_price": "0.00",
  "cat_paths": "58.64.14.00.00.00",
  "high_common_rate": "100.0",
  "is_publication": "0",
  "publisher": "",
  "publish_date": "",
  "market_price": 0,
  "original_price": "",
  "is_overseas": "0",
  "activity_type": -1,
  "word_highlight_keys": [],
  "image_url": "http://img3m8.ddimg.cn/56/31/1430939918-1_h_1.jpg",
  "product_url": "http://product.m.dangdang.com/1430939918.html?t=1578018349",
  "pre_sale": "0",
  "presale_start_date": "1970-01-01 08:00:00",
  "presale_end_date": "1970-01-01 08:00:00",
  "presale_rank_num": "0",
  "add_cart_button_enabled": 1,
  "label_type": "",
  "label_type_id": null,
  "is_catalog_product": "1",
  "shop_link_url": "shop://id=8525",
  "shop_name": "森马官方旗舰店",
  "is_yb_product": false,
  "discount_icon_title": "",
  "exclusive_spare_price": "0.00",
  "has_ebook": 0,
  "is_wished": "0",
  "show_dangdangsale": 0,
  "product_tags": [
  {
  "name": "满200-100",
  "type": 1
  }
  ]
  },
  {
  "id": "1418856518",
  "trace_id": "product_trace=000000005e0ea62d00c83b8c0000000054920846",
  "stock": 1,
  "total_review_count": "65",
  "score": 5,
  "stars": {
  "full_star": 5,
  "has_half_star": false
  },
  "name": "【双旦狂欢 3折到手价 89元】针织衫女士新款宽松复古chic上衣百搭毛衫长袖套头毛衣",
  "subname": "【季末大促 双“旦”狂欢】",
  "authorname": "",
  "promotype": null,
  "promotion_filt": 0,
  "shop_id": "16475",
  "price": "299.00",
  "dd_sale_price": "299.00",
  "exclusive_price": "0.00",
  "real_dd_sale_price": "299.00",
  "promo_sale_price": "0.00",
  "activity_price": "0.00",
  "readable": false,
  "book_id": 0,
  "is_ebook": 0,
  "ebook_sub_type1": "0",
  "is_has_ebook": null,
  "ebook_product_id": null,
  "user_behavior": 0,
  "stock_desc": "",
  "ebook_price": "0.00",
  "ebook_dd_price": "0.00",
  "cat_paths": "58.64.14.00.00.00",
  "high_common_rate": "97.0",
  "is_publication": "0",
  "publisher": "",
  "publish_date": "",
  "market_price": 0,
  "original_price": "",
  "is_overseas": "0",
  "activity_type": -1,
  "word_highlight_keys": [],
  "image_url": "http://img3m8.ddimg.cn/2/17/1418856518-1_h_2.jpg",
  "product_url": "http://product.m.dangdang.com/1418856518.html?t=1578018349",
  "pre_sale": "0",
  "presale_start_date": "1970-01-01 08:00:00",
  "presale_end_date": "1970-01-01 08:00:00",
  "presale_rank_num": "0",
  "add_cart_button_enabled": 1,
  "label_type": "满N件折",
  "label_type_id": "promotion:207",
  "is_catalog_product": "1",
  "shop_link_url": "shop://id=16475",
  "shop_name": "拉夏贝尔官方旗舰店",
  "is_yb_product": false,
  "discount_icon_title": "",
  "exclusive_spare_price": "0.00",
  "has_ebook": 0,
  "is_wished": "0",
  "show_dangdangsale": 0,
  "product_tags": [
  {
  "name": "券",
  "type": 1
  },
  {
  "name": "满2件3折",
  "type": 1
  }
  ]
  }
  ],
  "support_shop_tmp": 1,
  "correction_prompt": "",
  "coupon_info": "",
  "page": {
  "total": "846",
  "pagecount": "85",
  "pageindex": "5",
  "pagesize": "10",
  "webtemplate": "CLOTH_TEMPLATE",
  "showcase": "window",
  "waterfall": 0
  },
  "none_result_enabled": 0,
  "less_result_enabled": 0,
  "permanent_id": null,
  "banner": [],
  "posters": []
  }
