{
    "firstFloor":
    [
        {
            "name":"文艺小情节",
            "desc":"书中大情节",
            "img_url":"http://img63.ddimg.cn/upload_img/00796/1/11.18-1575272441.png"
        },
        {
            "name":"电子书",
            "desc":"满3件6折",
            "img_url":"http://img62.ddimg.cn/ddreader/dangebook/20201ynew_500x500.jpg"
        },
        {
            "name":"万种童书",
            "desc":"阅读陪伴成长",
            "img_url":"http://img60.ddimg.cn/upload_img/00796/1/10.28-1575272475.png"
        },
        {
            "name":"阅享新生活",
            "desc":"精彩无限",
            "img_url":"http://img62.ddimg.cn/upload_img/00796/1/9.12-1568701928.png"
        },
        {
            "name":"人文社科",
            "desc":"知史知今",
            "img_url":"http://img61.ddimg.cn/upload_img/00796/1/10.22-1575272532.png"
        },
        {
            "name":"中小学教辅",
            "desc":"向上吧少年",
            "img_url":"http://img62.ddimg.cn/upload_img/00796/1/10.15-1575272579.png"
        },
        {
            "name":"科技图书",
            "desc":"发现探索",
            "img_url":"http://img60.ddimg.cn/upload_img/00796/1/11.27-1575272631.png"
        },
        {
            "name":"成功励志",
            "desc":"正能量",
            "img_url":"http://img60.ddimg.cn/upload_img/00796/1/10.25-1575272685.png"
        },
        {
            "name":"热门外语",
            "desc":"语众不同",
            "img_url":"http://img61.ddimg.cn/upload_img/00796/1/11.27-1575272895.png"
        }
    ],
    "secondFloor":{
        "womanClothing":[
            {
            "name":"茵曼女装",
            "desc":"低至1折起",
            "img_url":"http://img52.ddimg.cn/53840049727492_y.jpg"
            }
        ],
        "childrenShoes":[
            {
            "name":"迪士尼童鞋",
            "desc":"限时99元2双",
            "img_url":"http://img51.ddimg.cn/107480065898271_y.jpg"
            },
            {
                "name":"韩都衣舍",
                "desc":"2件2.5折",
                "img_url":"http://img60.ddimg.cn/upload_img/00738/123/500dh-1565321851.png"
            }
        ],
        "exercises":[
            {
            "name":"361度",
            "desc":"折上2件4折",
            "img_url":"http://img51.ddimg.cn/198970066388831_y.jpg"
            },
            {
                "name":"达芙妮清仓",
                "desc":"限时2件2折",
                "img_url":"http://img55.ddimg.cn/182870066617395_y.jpg"
            }
        ],
        "studentsBags":[
            {
            "name":"巴帝巴帝",
            "desc":"3件2折",
            "img_url":"http://img62.ddimg.cn/upload_img/00601/111/500badi-1565008942.jpg"
            },
            {
                "name":"学生书包",
                "desc":"1件2.5折",
                "img_url":"http://img61.ddimg.cn/upload_img/00601/111/500kalayang-1565010129.jpg"
            },
            {
                "name":"芬腾睡衣",
                "desc":"限时1件3折",
                "img_url":"http://img55.ddimg.cn/186920088342395_y.jpg"
            },
            {
                "name":"暑假季",
                "desc":"珠宝饰品直降",
                "img_url":"http://img53.ddimg.cn/155170066039963_y.jpg"
            }
        ]
    },
    "thirdFloor":{
        "goods":[
            {
            "name":"沃隆坚果",
            "desc":"满300减200",
            "img_url":"http://img53.ddimg.cn/14540065134973_y.jpg"
            },
            {
                "name":"燕之坊",
                "desc":"满59减15元",
                "img_url":"http://img63.ddimg.cn/upload_img/00670/lz/dfhtfu68768-1577785151.jpg"
            }
        ],
        "secKilledSingle":[
            {
            "name":"秒杀单品",
            "desc":"9.9元开抢",
            "img_url":"http://img60.ddimg.cn/upload_img/00589/techan/li-1570701876.jpg"
            },
            {
                "name":"百草味",
                "desc":"满300减210",
                "img_url":"http://img58.ddimg.cn/14540056362268_y.jpg"
            },
            {
                "name":"张裕红酒",
                "desc":"立减50元",
                "img_url":"http://img60.ddimg.cn/upload_img/00589/techan/zy-1572003143.jpg"
            },
            {
                "name":"汤臣倍健",
                "desc":"下单立减50",
                "img_url":"http://img54.ddimg.cn/178320093983394_y.jpg"
            }
        ]
    },
    "swiper_url":[
        "http://img61.ddimg.cn/upload_img/00803/1/1242x366-1576831048.jpg",
        "http://img60.ddimg.cn/upload_img/00738/123/1242x366-2-1577782005.jpg",
        "http://img63.ddimg.cn/ddreader/dangebook/20201ynew_1242x366.jpg",
        "http://img61.ddimg.cn/upload_img/00803/1/1242x366-1577771818.jpg",
        "http://img60.ddimg.cn/upload_img/00690/1/xiao-1577776407.jpg",
        "http://img62.ddimg.cn/upload_img/00785/xssd202001/1242x366-1577782394.jpg",
        "http://img59.ddimg.cn/42360140500969_y.jpg",
        "http://img54.ddimg.cn/220150084181734_y.jpg"
    ],
    "swiper_list":[
        {
            "imgUrl":"http://img62.ddimg.cn/upload_img/00803/1/changxiao-1562827738.png",
            "path":"/library"
        },
        {
            "imgUrl":"http://img60.ddimg.cn/upload_img/00803/1/xinshubang2-1562825207.png",
            "path":"/library"
        },
        {
            "imgUrl":"http://img62.ddimg.cn/upload_img/00702/B/SY-iCON-3-5.10-1557488951.png",
            "path":"/library"
        },
        {
            "imgUrl":"http://img63.ddimg.cn/upload_img/00702/B/icon-jrcx-1559563476.png",
            "path":"/jinRiCuXiao"
        },
        {
            "imgUrl":"http://img62.ddimg.cn/upload_img/00705/B/icon-5.28-1559032809.png",
            "path":"/teJiaShuShi"
        },
        {
            "imgUrl":"http://img50.ddimg.cn/116550067538580_y.jpg",
            "path":"/clothing",
            "linkUrl":"http://z.dangdang.com/guan/index?page_id=794356"
        },
        {
            "imgUrl":"http://img63.ddimg.cn/upload_img/00528/000/7chaoshi-1545121233.png",
            "path":"",
            "linkUrl":"http://touch.m.dangdang.com/topics.php?page_id=167159"
        },
        {
            "imgUrl":"http://img61.ddimg.cn/upload_img/00528/000/00000-1564393723.png",
            "path":"",
            "linkUrl":"http://widgets.dangdang.com/pintuan/list"
        },
        {
            "imgUrl":"http://img62.ddimg.cn/upload_img/00528/000/9zhongxin-1545121233.png",
            "path":"",
            "linkUrl":"http://z.dangdang.com/coupon_center.php?t=1578055893"
        },
        {
            "imgUrl":"http://img63.ddimg.cn/upload_img/00528/0000/12311-1556245256.jpg",
            "path":"",
            "linkUrl":"http://touch.m.dangdang.com/topics.php?page_id=169567"
        }
    ],
    "title":{
       "secKilled": [
        "http://img62.ddimg.cn/upload_img/00707/mobile/mao_title.jpg"
       ],
       "bookCity":[
        "http://img61.ddimg.cn/upload_img/00705/yhj/tslc-bt.jpg"
       ],
       "clothing":[
        "http://img61.ddimg.cn/upload_img/00757/shuang11/biaoti-1540452487.jpg"
       ],
       "focus":[
        "http://img50.ddimg.cn/178320095007290_y.jpg"
       ]
    },
    "hujiang_url":[
        "http://img51.ddimg.cn/222060123100431_y.jpg"
    ],
    "bookCity_url":[
        "http://img62.ddimg.cn/upload_img/00796/1/1242x332-1577761324.jpg"
    ],
    "clothing_url":[
        "http://img62.ddimg.cn/upload_img/00757/LOGO/loucengbanner-1565921661.jpg"
    ],
    "focusBenefit_url":[
        "http://img50.ddimg.cn/14540066006690_y.jpg"
    ]
}
