{
    "code": 0,
    "errorMsg": "成功",
    "data": {
    "productsInfo": [
    {
    "showtype": "1",
    "product_id": "1564052929",
    "lower_price_tag": "30天内最低价",
    "product_name": "1元秒杀，限量抢购，抢完即止！",
    "directPrice": "1",
    "sale_price": "89",
    "minBuyN": "0",
    "maxBuyN": "10",
    "mainProductId": "0",
    "shopId": "9430",
    "product_icon": "",
    "jump_link": "http://product.m.dangdang.com/1564052929.html?t=1577763130",
    "img_url": "http://img3m9.ddimg.cn/43/29/1564052929-1_h_1.jpg",
    "origin_price": "159",
    "is_ebook": false,
    "product_out_link": "seckillproduct://",
    "product_link": "product://pid=1564052929"
    },
    {
    "showtype": "1",
    "product_id": "23408306",
    "lower_price_tag": "30天内最低价",
    "product_name": "十万个为什么（小学生彩绘版）",
    "directPrice": "32",
    "sale_price": "58.1",
    "minBuyN": "0",
    "maxBuyN": "10000",
    "mainProductId": "0",
    "shopId": "0",
    "product_icon": "",
    "jump_link": "http://product.m.dangdang.com/23408306.html?t=1577763130",
    "img_url": "http://img3m6.ddimg.cn/53/34/23408306-1_h_13.jpg",
    "origin_price": "128",
    "is_ebook": false,
    "product_out_link": "seckillproduct://",
    "product_link": "product://pid=23408306"
    },
    {
    "showtype": "1",
    "product_id": "1554324334",
    "lower_price_tag": "30天内最低价",
    "product_name": "【爆款两件套】显瘦减龄两件套装毛衣连衣裙",
    "directPrice": "89",
    "sale_price": "128",
    "minBuyN": "0",
    "maxBuyN": "10000",
    "mainProductId": "0",
    "shopId": "16235",
    "product_icon": "",
    "jump_link": "http://product.m.dangdang.com/1554324334.html?t=1577763130",
    "img_url": "http://img3m4.ddimg.cn/79/29/1554324334-1_h_1.jpg",
    "origin_price": "788",
    "is_ebook": false,
    "product_out_link": "seckillproduct://",
    "product_link": "product://pid=1554324334"
    },
    {
    "showtype": "1",
    "product_id": "1009728008",
    "lower_price_tag": "",
    "product_name": "百草味1548g/9袋装",
    "directPrice": "68",
    "sale_price": "88",
    "minBuyN": "0",
    "maxBuyN": "10000",
    "mainProductId": "0",
    "shopId": "8411",
    "product_icon": "",
    "jump_link": "http://product.m.dangdang.com/1009728008.html?t=1577763130",
    "img_url": "http://img3m8.ddimg.cn/80/6/1009728008-1_h_244.jpg",
    "origin_price": "299",
    "is_ebook": false,
    "product_out_link": "seckillproduct://",
    "product_link": "product://pid=1009728008"
    },
    {
    "showtype": "1",
    "product_id": "1480507476",
    "lower_price_tag": "30天内最低价",
    "product_name": "套装10册 儿童绘本3 6岁经典绘本 彩图大字注音",
    "directPrice": "18",
    "sale_price": "20.8",
    "minBuyN": "0",
    "maxBuyN": "10000",
    "mainProductId": "0",
    "shopId": "0",
    "product_icon": "",
    "jump_link": "http://product.m.dangdang.com/1480507476.html?t=1577763130",
    "img_url": "http://img3m6.ddimg.cn/96/21/1480507476-1_h_46.jpg",
    "origin_price": "120",
    "is_ebook": false,
    "product_out_link": "seckillproduct://",
    "product_link": "product://pid=1480507476"
    },
    {
    "showtype": "1",
    "product_id": "1561705705",
    "lower_price_tag": "30天内最低价",
    "product_name": "男女室内居家休闲彩色凉拖鞋",
    "directPrice": "12.9",
    "sale_price": "19",
    "minBuyN": "0",
    "maxBuyN": "10000",
    "mainProductId": "0",
    "shopId": "18584",
    "product_icon": "",
    "jump_link": "http://product.m.dangdang.com/1561705705.html?t=1577763130",
    "img_url": "http://img3m5.ddimg.cn/10/11/1561705705-1_h_1.jpg",
    "origin_price": "99",
    "is_ebook": false,
    "product_out_link": "seckillproduct://",
    "product_link": "product://pid=1561705705"
    },
    {
    "showtype": "3",
    "shop_ids": "22118",
    "begintime": "2019-12-31 00:00:00",
    "endtime": "2019-12-31 23:59:59",
    "list": [
    {
    "product_id": 1442673630,
    "product_name": "【12.31号全场5折】 居家棉柔巾6袋/提x3提",
    "directPrice": "207",
    "sale_price": "207",
    "minBuyN": null,
    "maxBuyN": null,
    "mainProductId": 0,
    "shopId": 22118,
    "title": "全棉时代超品日 全场5折",
    "shop_logo_url": "http://img60.ddimg.cn/auction/f86a15e7-5b5b-4239-98d7-732d409bf17d.png",
    "img_url": "http://img3m0.ddimg.cn/90/7/1442673630-1_h_2.jpg",
    "original_price": "414",
    "applink": "brandseckill://activity_id=6325379&shop_id=22118&show_type=3",
    "jump_link": "http://touch.m.dangdang.com/brand_seckill.php?activity_id=6325379&shop_id=22118&show_type=3"
    },
    {
    "product_id": 1442853130,
    "product_name": "【12.31号全场5折】 袋装四连包婴儿口手湿巾15x20cm100片/套",
    "directPrice": "24.9",
    "sale_price": "24.9",
    "minBuyN": null,
    "maxBuyN": null,
    "mainProductId": 0,
    "shopId": 22118,
    "title": "全棉时代超品日 全场5折",
    "shop_logo_url": "http://img60.ddimg.cn/auction/f86a15e7-5b5b-4239-98d7-732d409bf17d.png",
    "img_url": "http://img3m0.ddimg.cn/4/20/1442853130-1_h_1.jpg",
    "original_price": "49.8",
    "applink": "brandseckill://activity_id=6325379&shop_id=22118&show_type=3",
    "jump_link": "http://touch.m.dangdang.com/brand_seckill.php?activity_id=6325379&shop_id=22118&show_type=3"
    },
    {
    "product_id": 1442777330,
    "product_name": "【12.31号全场5折】 袋装新包装婴儿棉柔巾6袋/提x3提",
    "directPrice": "162",
    "sale_price": "162",
    "minBuyN": null,
    "maxBuyN": null,
    "mainProductId": 0,
    "shopId": 22118,
    "title": "全棉时代超品日 全场5折",
    "shop_logo_url": "http://img60.ddimg.cn/auction/f86a15e7-5b5b-4239-98d7-732d409bf17d.png",
    "img_url": "http://img3m0.ddimg.cn/38/33/1442777330-1_h_1.jpg",
    "original_price": "324",
    "applink": "brandseckill://activity_id=6325379&shop_id=22118&show_type=3",
    "jump_link": "http://touch.m.dangdang.com/brand_seckill.php?activity_id=6325379&shop_id=22118&show_type=3"
    }
    ],
    "jump_link": "http://product.m.dangdang.com/.html?t=1577763130"
    },
    {
    "showtype": "1",
    "product_id": "1264193367",
    "lower_price_tag": "30天内最低价",
    "product_name": "领券立减100元 中国诗词大会书籍（全8册）第一季第二季大全集传统文化之宝识字辨字提高语言表达能力读中国古诗词知古鉴今唐诗宋词人间词话诗经书",
    "directPrice": "128",
    "sale_price": "129",
    "minBuyN": "0",
    "maxBuyN": "10000",
    "mainProductId": "0",
    "shopId": "0",
    "product_icon": "",
    "jump_link": "http://product.m.dangdang.com/1264193367.html?t=1577763130",
    "img_url": "http://img3m7.ddimg.cn/96/11/1264193367-1_h_3.jpg",
    "origin_price": "268.21",
    "is_ebook": false,
    "product_out_link": "seckillproduct://",
    "product_link": "product://pid=1264193367"
    },
    {
    "showtype": "1",
    "product_id": "1373675023",
    "lower_price_tag": "30天内最低价",
    "product_name": "【新年红品 秒杀到价约：99元】安莉芳文胸下厚上薄款光面聚拢女士无痕舒适内衣EBW0044",
    "directPrice": "99",
    "sale_price": "359",
    "minBuyN": "0",
    "maxBuyN": "5",
    "mainProductId": "0",
    "shopId": "21979",
    "product_icon": "",
    "jump_link": "http://product.m.dangdang.com/1373675023.html?t=1577763130",
    "img_url": "http://img3m3.ddimg.cn/28/36/1373675023-1_h_4.jpg",
    "origin_price": "359",
    "is_ebook": false,
    "product_out_link": "seckillproduct://",
    "product_link": "product://pid=1373675023"
    },
    {
    "showtype": "1",
    "product_id": "1296290307",
    "lower_price_tag": "30天内最低价",
    "product_name": "张裕星愿365起泡酒750ml",
    "directPrice": "19.9",
    "sale_price": "69",
    "minBuyN": "0",
    "maxBuyN": "10000",
    "mainProductId": "0",
    "shopId": "13530",
    "product_icon": "",
    "jump_link": "http://product.m.dangdang.com/1296290307.html?t=1577763130",
    "img_url": "http://img3m7.ddimg.cn/48/6/1296290307-1_h_2.jpg",
    "origin_price": "89",
    "is_ebook": false,
    "product_out_link": "seckillproduct://",
    "product_link": "product://pid=1296290307"
    },
    {
    "showtype": "1",
    "product_id": "23961194",
    "lower_price_tag": "7天内最低价",
    "product_name": "快乐读书吧指定阅读书目四年级上册必读 中国古代神话故事（小学生新课标名著彩绘注音版新版） 四年级必读书目",
    "directPrice": "6.8",
    "sale_price": "12.7",
    "minBuyN": "0",
    "maxBuyN": "10000",
    "mainProductId": "0",
    "shopId": "0",
    "product_icon": "",
    "jump_link": "http://product.m.dangdang.com/23961194.html?t=1577763130",
    "img_url": "http://img3m4.ddimg.cn/26/31/23961194-1_h_10.jpg",
    "origin_price": "16.9",
    "is_ebook": false,
    "product_out_link": "seckillproduct://",
    "product_link": "product://pid=23961194"
    },
    {
    "showtype": "3",
    "shop_ids": "21701",
    "begintime": "2019-12-31 00:00:00",
    "endtime": "2019-12-31 23:59:59",
    "list": [
    {
    "product_id": 1581577718,
    "product_name": "【12.31秒杀价：19.9起】贝贝怡肩开扣长袖T恤上衣外出服",
    "directPrice": "19.9",
    "sale_price": "19.9",
    "minBuyN": null,
    "maxBuyN": null,
    "mainProductId": 0,
    "shopId": 21701,
    "title": "贝贝怡品牌秒杀低至19.9起",
    "shop_logo_url": "http://img61.ddimg.cn/auction/5c5f7270-3f08-40df-a0eb-7469ea64bfb9.jpg",
    "img_url": "http://img3m8.ddimg.cn/50/27/1581577718-1_h_1.jpg",
    "original_price": "116",
    "applink": "brandseckill://activity_id=6325379&shop_id=21701&show_type=3",
    "jump_link": "http://touch.m.dangdang.com/brand_seckill.php?activity_id=6325379&shop_id=21701&show_type=3"
    },
    {
    "product_id": 1581627828,
    "product_name": "【12.31秒杀价：32.9起】冬季加厚裤子男女童长裤",
    "directPrice": "32.9",
    "sale_price": "32.9",
    "minBuyN": null,
    "maxBuyN": null,
    "mainProductId": 0,
    "shopId": 21701,
    "title": "贝贝怡品牌秒杀低至19.9起",
    "shop_logo_url": "http://img61.ddimg.cn/auction/5c5f7270-3f08-40df-a0eb-7469ea64bfb9.jpg",
    "img_url": "http://img3m8.ddimg.cn/66/2/1581627828-1_h_1.jpg",
    "original_price": "149",
    "applink": "brandseckill://activity_id=6325379&shop_id=21701&show_type=3",
    "jump_link": "http://touch.m.dangdang.com/brand_seckill.php?activity_id=6325379&shop_id=21701&show_type=3"
    },
    {
    "product_id": 1551887488,
    "product_name": "【12.31秒杀价：35】贝贝怡男女宝宝加厚保暖长裤冬季新款儿童卡通洋气休闲裤子BB5035",
    "directPrice": "35",
    "sale_price": "35",
    "minBuyN": null,
    "maxBuyN": null,
    "mainProductId": 0,
    "shopId": 21701,
    "title": "贝贝怡品牌秒杀低至19.9起",
    "shop_logo_url": "http://img61.ddimg.cn/auction/5c5f7270-3f08-40df-a0eb-7469ea64bfb9.jpg",
    "img_url": "http://img3m8.ddimg.cn/19/3/1551887488-1_h_1.jpg",
    "original_price": "129",
    "applink": "brandseckill://activity_id=6325379&shop_id=21701&show_type=3",
    "jump_link": "http://touch.m.dangdang.com/brand_seckill.php?activity_id=6325379&shop_id=21701&show_type=3"
    }
    ],
    "jump_link": "http://product.m.dangdang.com/.html?t=1577763130"
    },
    {
    "showtype": "1",
    "product_id": "410269242",
    "lower_price_tag": "30天内最低价",
    "product_name": "余光中、丰子恺、沈从文、老舍“吾乡”系列散文集【全四册】",
    "directPrice": "72",
    "sale_price": "142.2",
    "minBuyN": "0",
    "maxBuyN": "10000",
    "mainProductId": "0",
    "shopId": "0",
    "product_icon": "",
    "jump_link": "http://product.m.dangdang.com/410269242.html?t=1577763130",
    "img_url": "http://img3m2.ddimg.cn/75/33/410269242-1_h_1.jpg",
    "origin_price": "180",
    "is_ebook": false,
    "product_out_link": "seckillproduct://",
    "product_link": "product://pid=410269242"
    },
    {
    "showtype": "1",
    "product_id": "27931998",
    "lower_price_tag": "30天内最低价",
    "product_name": "我把人生看透了（张爱玲喜欢的作者，张恨水人生美学散文 精选集）",
    "directPrice": "9.9",
    "sale_price": "21.8",
    "minBuyN": "0",
    "maxBuyN": "10000",
    "mainProductId": "0",
    "shopId": "0",
    "product_icon": "",
    "jump_link": "http://product.m.dangdang.com/27931998.html?t=1577763130",
    "img_url": "http://img3m8.ddimg.cn/39/32/27931998-1_h_3.jpg",
    "origin_price": "42",
    "is_ebook": false,
    "product_out_link": "seckillproduct://",
    "product_link": "product://pid=27931998"
    },
    {
    "showtype": "1",
    "product_id": "1514882777",
    "lower_price_tag": "30天内最低价",
    "product_name": "森马旗下潮牌GLEMALL褶皱肌理内里网布潮拉链复古小脚九分运动工装裤子男",
    "directPrice": "49",
    "sale_price": "459",
    "minBuyN": "0",
    "maxBuyN": "10000",
    "mainProductId": "0",
    "shopId": "21842",
    "product_icon": "",
    "jump_link": "http://product.m.dangdang.com/1514882777.html?t=1577763130",
    "img_url": "http://img3m7.ddimg.cn/23/28/1514882777-1_h_1.jpg",
    "origin_price": "459",
    "is_ebook": false,
    "product_out_link": "seckillproduct://",
    "product_link": "product://pid=1514882777"
    }
    ],
    "miaozhen": [],
    "activityInfo": {
    "activityId": 6334004,
    "startDate": "2019-12-31 11:00:00",
    "endDate": "2019-12-31 23:59:59"
    },
    "pageCount": "4",
    "pageIndex": "1"
    }
    }